step,submap,source_id,target_id,pose_status,fusion_status,reasons,shared_median_error,shared_p90_error,icp_fitness,icp_rmse,icp_translation_delta,icp_rotation_delta_deg,accepted_ratio,duplicate_ratio,conflict_ratio,accepted_points,duplicate_points,conflict_points,accepted_extent_x,accepted_extent_y,accepted_extent_z,accepted_extent_max,accepted_xz_area,accepted_xz_density,accepted_linear_ratio,accepted_planar_ratio,accepted_thin_ratio,severe_scale_shadow,early_sparse_scale_shadow,scale_shadow_gate_v2
1,submap_000,batch_002_window_009-013,batch_001_baseline_004-012,needs_review,needs_review,"shared_median_error_too_high, shared_p90_error_too_high, fusion_conflict_ratio_too_high",0.11231840741620602,0.4204944233921451,0.43275689581249105,0.03526917999661503,0.07571006797214765,0.4848694868329416,0.16169166666666668,0.35588333333333333,0.482425,19403,42706,57891,2.855986765137702,1.490195553344002,2.895017453557746,2.895017453557746,8.268131532203576,2346.7212543036094,0.7487524871987543,0.22618784719008578,0.02505966561115992,False,False,False
2,submap_000,batch_003_window_010-014,batch_002_window_009-013,accepted,needs_review,fusion_conflict_ratio_too_high,0.009171545428300202,0.01916417616516846,0.3999011369253584,0.034887486933540456,0.037865112839595885,0.08362510358751946,0.15706666666666666,0.21566666666666667,0.6272666666666666,18848,25880,75272,3.023891882605483,1.1171301565985932,3.155850316905086,3.155850316905086,9.542950156007231,1975.0705695696518,0.38055528212961,0.6072951920467996,0.012149525823590357,False,False,False
3,submap_000,batch_004_window_011-015,batch_003_window_010-014,accepted,needs_review,fusion_conflict_ratio_too_high,0.010219422407926428,0.016417413198783388,0.4482904178978472,0.03684323885765659,0.013443759801017419,0.05660064770292597,0.12681666666666666,0.16948333333333335,0.7037,15218,20338,84444,3.598852198143868,1.1568783058976309,2.612624684107854,3.598852198143868,9.40245008732648,1618.5143083622718,0.8790379150671792,0.10887285316461243,0.012089231768208399,False,False,False
4,submap_000,batch_005_window_012-016,batch_004_window_011-015,needs_review,needs_review,"shared_p90_error_too_high, fusion_conflict_ratio_too_high",0.04363666519053009,0.15218485971260515,0.41159609120521173,0.0390145705958799,0.0876927419142686,0.15509494070375224,0.13918333333333333,0.09054166666666667,0.770275,16702,10865,92433,1.5168181533934302,0.04310153839958314,1.43096603995368,1.5168181533934302,2.1705152662912504,7694.947029116562,0.8077637954961163,0.19222373951260266,1.2464991281037032e-05,False,False,False
5,submap_000,batch_006_window_013-017,batch_005_window_012-016,accepted,needs_review,fusion_conflict_ratio_too_high,0.016063553725662046,0.028719405100800253,0.36534229120815476,0.04069911095982236,0.013414722081138171,0.3510886750211101,0.17601666666666665,0.15564166666666668,0.6683416666666666,21122,18677,80201,3.1145126573816406,1.1207798812000267,2.6080493044645214,3.1145126573816406,8.122802569830137,2600.3340372264765,0.9168934719262983,0.0718020605551351,0.011304467518566527,False,False,False
6,submap_000,batch_007_window_014-018,batch_006_window_013-017,accepted,needs_review,fusion_conflict_ratio_too_high,0.008114476561881797,0.02618233552946058,0.4158927941695075,0.03838797526942371,0.07338252173036232,0.4032986240089521,0.0013,0.2779583333333333,0.7207416666666666,156,33355,86489,1.7215311965437734,1.112865020307164,1.876283569946934,1.876283569946934,3.230080699226168,48.29600698130328,0.9133227612183674,0.047655138784083825,0.03902209999754866,False,False,False
26,submap_002,batch_027_window_034-038,batch_026_window_033-037,needs_review,needs_review,"icp_fitness_too_low, fusion_conflict_ratio_too_high",0.009915651660817187,0.025600956604254904,0.3119318725480815,0.04052544182210807,0.13517047501610321,1.5717911460062848,0.22226666666666667,0.15518333333333334,0.62255,26672,18622,74706,6.127922697584788,2.334904072324262,4.771118276398995,6.127922697584788,29.237043978807012,912.2673283705997,0.587917951511347,0.3894004241339621,0.022681624354690923,False,False,False
37,submap_003,batch_038_window_045-049,batch_037_window_044-048,needs_review,needs_review,"icp_fitness_too_low, fusion_conflict_ratio_too_high",0.011515486138872428,0.021874388104313157,0.0,0.0,2.7755575615628914e-17,0.0,0.008416666666666666,0.0,0.9915833333333334,1010,0,118990,0.7017445691887718,0.7272152917320396,0.8160420058710165,0.8160420058710165,0.5726530458498976,1763.7206460694154,0.6115494746214953,0.36126932481434504,0.027181200564159617,False,False,False
41,submap_004,batch_042_window_049-053,batch_041_window_048-052,needs_review,needs_review,"icp_fitness_too_low, fusion_conflict_ratio_too_high",0.01149090726041303,0.017154984271728752,0.1134982638888889,0.046853241963866143,0.059779541766348476,2.0502102315313664,0.12863333333333332,0.125675,0.7456916666666666,15436,15081,89483,4.700459501686254,1.1634776309510724,3.4340184255641586,4.700459501686254,16.14146453740872,956.2948866396995,0.8124340990271967,0.16420794772769415,0.02335795324510922,False,False,False
42,submap_004,batch_043_window_050-054,batch_042_window_049-053,accepted,needs_review,fusion_conflict_ratio_too_high,0.022761886630557306,0.03201884198236412,0.3727660920449154,0.04283458956841977,0.021812231071434818,0.5013051364812642,0.11455,0.22506666666666666,0.6603833333333333,13746,27008,79246,8.321001396571729,3.2028183016022878,2.944759152728152,8.321001396571729,24.503345022418333,560.9846324011542,0.9501180876864055,0.02516521465179893,0.024716697661795503,False,False,False
43,submap_004,batch_044_window_051-055,batch_043_window_050-054,accepted,needs_review,fusion_conflict_ratio_too_high,0.013317544459183064,0.024217431508080065,0.455649419218585,0.04199542998292897,0.04012072427413887,0.46331323677606834,0.17341666666666666,0.149975,0.6766083333333334,20810,17997,81193,1.676921722327121,0.8683753291673888,1.8566951083062364,1.8566951083062364,3.1135323588572343,6683.726906129838,0.6662033742679264,0.20837081668955354,0.12542580904252015,False,False,False
44,submap_004,batch_045_window_052-056,batch_044_window_051-055,accepted,needs_review,fusion_conflict_ratio_too_high,0.01402767304241148,0.04164006916038592,0.45675057208237985,0.041967395067116296,0.02747574871575281,0.18967315182786992,0.16326666666666667,0.171525,0.6652083333333333,19592,20583,79825,1.6690637882605501,0.8839822317379507,1.4391035186525136,1.6690637882605501,2.4019555705412516,8156.687092919533,0.5309746631592719,0.41978081392293504,0.04924452291779314,False,False,False
45,submap_004,batch_046_window_053-057,batch_045_window_052-056,accepted,needs_review,fusion_conflict_ratio_too_high,0.009509781480293335,0.02200554952547325,0.5173573735199138,0.04340495604208637,0.00772375953986588,0.15368944916618935,0.09491666666666666,0.327475,0.5776083333333333,11390,39297,69313,1.7094782576395948,0.8266738723130531,0.7184737830939172,1.7094782576395948,1.2282153108831178,9273.618313559618,0.8939430855643621,0.02763453408957476,0.07842238034606322,False,False,False
46,submap_004,batch_047_window_054-058,batch_046_window_053-057,accepted,needs_review,fusion_conflict_ratio_too_high,0.015760577515372364,0.02384339752340497,0.6188617886178862,0.040510456368768495,0.018689987173485845,0.3655024536657891,0.008341666666666667,0.41154166666666664,0.5801166666666666,1001,49385,69614,0.5712857996409273,0.6812657268185393,0.46059637802061326,0.6812657268185393,0.26313217012922085,3804.1718711490944,0.8879396294734239,0.09673596153592572,0.015324408990650436,False,False,False
47,submap_004,batch_048_window_055-059,batch_047_window_054-058,accepted,needs_review,fusion_conflict_ratio_too_high,0.017728121311881086,0.05156278960611657,0.728713768115942,0.042950729084452896,0.05054911341729513,1.6867841596160478,0.0051916666666666665,0.3530333333333333,0.641775,623,42364,77013,0.02225110475523273,0.2815338190860309,0.09249478909578901,0.2815338190860309,0.0020581112414835593,302704.72627656395,0.9346721761771076,0.0652340330275003,9.379079539202959e-05,False,False,False
48,submap_004,batch_049_window_056-060,batch_048_window_055-059,accepted,needs_review,fusion_conflict_ratio_too_high,0.006829321053123203,0.01714819176197562,0.8026554013277006,0.043666370368356855,0.14074003025470097,3.252652684116494,0.0041916666666666665,0.2753,0.7205083333333333,503,33036,86461,0.049254786269830264,0.07963231102400306,0.12763287548163627,0.12763287548163627,0.0062865300028518535,80012.34381635282,0.8148339823747688,0.1847475114257585,0.0004185061994727591,False,False,False
51,submap_005,batch_052_window_059-063,batch_051_window_058-062,accepted,needs_review,fusion_conflict_ratio_too_high,0.008714739597276377,0.017215464278017643,0.5652985074626866,0.04395746559441552,0.11389363223710193,4.175052286642325,0.14190833333333333,0.103575,0.7545166666666666,17029,12429,90542,0.3057279192899234,0.5409582357862679,0.3791370039348785,0.5409582357862679,0.11591276733882588,146912.20295191766,0.4792516887897825,0.43240351954613293,0.08834479166408452,False,False,False
52,submap_005,batch_053_window_060-064,batch_052_window_059-063,needs_review,needs_review,"shared_p90_error_too_high, fusion_conflict_ratio_too_high",0.03774431023619913,0.15453182133794788,0.42321160580290146,0.04580181687081024,0.026031409308661085,2.1700579721011604,0.127875,0.049375,0.82275,15345,5925,98730,0.7128574353100552,0.8260714160165552,1.0729613224325454,1.0729613224325454,0.7648684564961495,20062.273283297895,0.3006139643243825,0.6046537644293972,0.09473227124622029,False,False,False
53,submap_005,batch_054_window_061-065,batch_053_window_060-064,accepted,needs_review,fusion_conflict_ratio_too_high,0.0046724076549145305,0.014848478744693838,0.41354945968412304,0.046256835032555836,0.010317358766733876,2.080945338321299,0.18259166666666668,0.13755,0.6798583333333333,21911,16506,81583,1.414387655925402,0.7871051962209404,1.2972863891621809,1.414387655925402,1.834865855031026,11941.472418772273,0.45541732234928073,0.29343436956185887,0.2511483080888604,False,False,False
54,submap_005,batch_055_window_062-066,batch_054_window_061-065,needs_review,needs_review,"icp_fitness_too_low, fusion_conflict_ratio_too_high",0.006032448964146984,0.015070981151906937,0.25182823926495407,0.04310986658284881,0.027370190671753548,1.1329309607820488,0.08051666666666667,0.19040833333333335,0.729075,9662,22849,87489,4.39065741974533,2.5297695020716584,5.5615314738463475,5.5615314738463475,24.418779430790647,395.6790726327945,0.4019566126442454,0.5446433089503399,0.05340007840541463,False,False,False
55,submap_005,batch_056_window_063-067,batch_055_window_062-066,accepted,needs_review,fusion_conflict_ratio_too_high,0.006657224455685033,0.013399101344148954,0.39008126693061057,0.04465580807258561,0.033239799777894034,0.1382408679607834,0.036025,0.241225,0.72275,4323,28947,86730,4.413834160844326,2.456090219278171,4.450585487810616,4.450585487810616,19.644146261856505,220.06555756480338,0.5641473999503492,0.3612593674511359,0.07459323259851487,False,False,False
56,submap_005,batch_057_window_064-068,batch_056_window_063-067,needs_review,needs_review,"shared_p90_error_too_high, fusion_conflict_ratio_too_high",0.03460399510014233,0.17992739402533392,0.3572009764035802,0.04718681121896353,0.023536008366334564,1.4353721483793962,0.08680833333333333,0.15454166666666666,0.75865,10417,18545,91038,1.3715113018827836,0.9062772397200084,1.6064738422989662,1.6064738422989662,2.2032970308920925,4727.914509003928,0.05998007225185056,0.7827622782425878,0.15725764950556154,False,False,False
57,submap_005,batch_058_window_065-069,batch_057_window_064-068,accepted,needs_review,fusion_conflict_ratio_too_high,0.023639306861511916,0.04816171144686212,0.5514918190567853,0.04425704503937959,0.047976683983966845,0.5383475433060702,0.125975,0.13378333333333334,0.7402416666666667,15117,16054,88829,1.617209993180622,0.8474953014979232,1.3054874216769685,1.617209993180622,2.1112473043075983,7160.222286208081,0.5224476636476557,0.3851993188397886,0.09235301751255569,False,False,False
58,submap_005,batch_059_window_066-070,batch_058_window_065-069,accepted,needs_review,fusion_conflict_ratio_too_high,0.020019739781484896,0.03912481705253018,0.5653102068045364,0.045287596400511096,0.036597674421429444,0.2788353659239996,0.09999166666666667,0.171875,0.7281333333333333,11999,20625,87376,1.6595661115350429,0.8494298400437406,1.5217585348922877,1.6595661115350429,2.5254588944464578,4751.215720194883,0.6602204230422319,0.171505695954034,0.1682738810037341,False,False,False
59,submap_005,batch_060_window_067-071,batch_059_window_066-070,accepted,needs_review,fusion_conflict_ratio_too_high,0.00610371943777942,0.013255782556309052,0.7226951639195798,0.04379889056901415,0.015206365192713237,0.34601982573065093,0.0023666666666666667,0.4560416666666667,0.5415916666666667,284,54725,64991,1.174819735293099,0.6394942809242391,0.710359582457766,1.174819735293099,0.8345444566259489,340.30541781825247,0.9414160856367568,0.0395023050573788,0.019081609305864403,False,False,False
60,submap_005,batch_061_window_068-072,batch_060_window_067-071,accepted,needs_review,fusion_conflict_ratio_too_high,0.0034243113417828136,0.008538909549850086,0.78894251864853,0.04374824793425166,0.03525755336826695,0.9172526285739737,0.0,0.549825,0.450175,0,65979,54021,0.0,0.0,0.0,0.0,0.0,0.0,0.0,0.0,0.0,False,False,False
61,submap_006,batch_062_window_069-073,batch_061_window_068-072,accepted,needs_review,fusion_conflict_ratio_too_high,0.007883696363739834,0.013678307694546074,0.7714070162202943,0.04427056034488198,0.00653294176459938,0.4884168926911799,0.003608333333333333,0.4470166666666667,0.549375,433,53642,65925,0.37554612966457124,0.6239955594357787,1.3779422971115098,1.3779422971115098,0.5174808965813362,836.7458641672625,0.885439650333406,0.10966560091866324,0.004894748747930766,False,False,False
62,submap_006,batch_063_window_070-074,batch_062_window_069-073,accepted,needs_review,fusion_conflict_ratio_too_high,0.00677484310547963,0.012842016876549634,0.6624300196701468,0.04492989079562261,0.030132071147957663,1.1524663419994197,0.010325,0.45889166666666664,0.5307833333333334,1239,55067,63694,3.9179870795087552,1.9045293368701652,3.3688715122178166,3.9179870795087552,13.199195057394528,93.86936056421716,0.7069539639089294,0.21811587241715866,0.07493016367391192,False,False,False
63,submap_006,batch_064_window_071-075,batch_063_window_070-074,accepted,needs_review,fusion_conflict_ratio_too_high,0.006982621768584498,0.016832897209720445,0.7004242507184891,0.045361833011185994,0.018927259554205707,0.34291221325725274,0.0037166666666666667,0.5474416666666667,0.4488416666666667,446,65693,53861,3.8517718710740576,1.9001333300500598,3.6746889015068835,3.8517718710740576,14.154063345772242,31.51038603576819,0.39572234387877425,0.5558196947930593,0.048457961328166446,False,False,False
64,submap_006,batch_065_window_072-076,batch_064_window_071-075,accepted,needs_review,fusion_conflict_ratio_too_high,0.007454266276854937,0.02648626397841816,0.6856971873129862,0.04487046854792198,0.015639848651847362,0.14559171226777598,0.020025,0.47381666666666666,0.5061583333333334,2403,56858,60739,2.071770037555117,1.80105219364422,4.018890007838583,4.018890007838583,8.326215902469626,288.6064964142054,0.9697794328798977,0.023618773836239886,0.006601793283862505,False,False,False
67,submap_006,batch_068_window_075-079,batch_067_window_074-078,accepted,needs_review,fusion_conflict_ratio_too_high,0.011008848949508336,0.03131281932301498,0.6793638578940618,0.04475300442247605,0.14037721731408082,1.1653890050179974,0.011483333333333333,0.41636666666666666,0.57215,1378,49964,68658,1.4238387645538824,1.0468647078804083,3.4209484397184884,3.4209484397184884,4.870879000011304,282.9058163827929,0.5065095111804261,0.3047969682562087,0.18869352056336516,False,False,False
68,submap_006,batch_069_window_076-080,batch_068_window_075-079,accepted,needs_review,fusion_conflict_ratio_too_high,0.02548975389205732,0.04855440877948173,0.7130818619582665,0.04527320551773041,0.08872493087217428,0.7785404514918463,0.00031666666666666665,0.47835,0.5213333333333333,38,57402,62560,0.7183683602533169,1.0337958418177908,1.4361461933932664,1.4361461933932664,1.0316819860319637,36.83305564552397,0.617928326459462,0.3808042327877443,0.0012674407527936827,False,False,False
69,submap_006,batch_070_window_077-081,batch_069_window_076-080,accepted,needs_review,fusion_conflict_ratio_too_high,0.014365064994059682,0.035791301130324395,0.7246199545692819,0.045041831276000886,0.08198461659751757,0.9945952989532645,0.0011166666666666666,0.498725,0.5001583333333334,134,59847,60019,0.02989406162035202,0.29261434087876953,0.288215750855481,0.29261434087876953,0.008615939416029774,15552.569897450277,0.681799594367595,0.317808164003992,0.0003922416284130102,False,False,False
70,submap_006,batch_071_window_078-082,batch_070_window_077-081,accepted,needs_review,fusion_conflict_ratio_too_high,0.013577496081113067,0.029122264741862667,0.7367084321029461,0.04295400012872798,0.07145287356894137,0.6943903295912321,0.0217,0.46239166666666665,0.5159083333333333,2604,55487,61909,0.9288773158077728,0.974747074711335,2.320252147377554,2.320252147377554,2.155229586653283,1208.2239479848565,0.801693938501378,0.13959429801130702,0.05871176348731501,False,False,False
71,submap_007,batch_072_window_079-083,batch_071_window_078-082,accepted,needs_review,fusion_conflict_ratio_too_high,0.017026618789929344,0.03254095652464895,0.6384388807069219,0.04474269585131292,0.03882273280489835,0.7406085993400391,0.022316666666666665,0.39650833333333335,0.581175,2678,47581,69741,5.364762387454498,2.404414237080239,3.1119907827865703,5.364762387454498,16.69509110159847,160.40643226820097,0.7189958811080934,0.23271041481140822,0.048293704080498365,False,True,True
72,submap_007,batch_073_window_080-084,batch_072_window_079-083,accepted,needs_review,fusion_conflict_ratio_too_high,0.028395424624410505,0.0655621763554954,0.5385858585858586,0.044467477325237155,0.06571614802251778,1.3499185496865607,0.11196666666666667,0.17786666666666667,0.7101666666666666,13436,21344,85220,8.411495286605359,2.5652530129592845,5.423735363044149,8.411495286605359,45.621724442040666,294.5088149192943,0.9116026222068768,0.06947487593596152,0.018922501857161607,True,False,True
73,submap_007,batch_074_window_081-085,batch_073_window_080-084,accepted,needs_review,fusion_conflict_ratio_too_high,0.03522494994109574,0.09417780660551285,0.44172966655710166,0.04647450892120011,0.04362063291820092,0.42696938432822756,0.10464166666666666,0.12800833333333334,0.76735,12557,15361,92082,10.137065037675168,3.217471370572704,8.03797270308082,10.137065037675168,81.48145206218794,154.10869200534495,0.8079819988879675,0.17299440724742154,0.01902359386461095,True,False,True
75,submap_007,batch_076_window_083-087,batch_075_window_082-086,needs_review,needs_review,"shared_p90_error_too_high, icp_fitness_too_low, fusion_conflict_ratio_too_high",0.0373220827435643,0.2714896184799954,0.3460453838652716,0.04620277040395796,0.08568603926322153,1.2624868640495244,0.11313333333333334,0.29541666666666666,0.59145,13576,35450,70974,12.243182679547033,3.5530352917353043,8.537662471976502,12.243182679547033,104.52816130072141,129.87887504251262,0.4629191844580052,0.49185216087982586,0.04522865466216896,True,False,True
76,submap_007,batch_077_window_084-088,batch_076_window_083-087,needs_review,needs_review,"shared_p90_error_too_high, fusion_conflict_ratio_too_high",0.03477032531027366,0.347313750604826,0.3954862610513875,0.04705512700300227,0.10922956078390447,0.6060708032708322,0.08948333333333333,0.3377,0.5728166666666666,10738,40524,68738,12.36207928052086,3.6370069681457564,8.852710453060187,12.36207928052086,109.43790846822577,98.11956524294938,0.3736811033293942,0.5840919057485043,0.0422269909221015,True,False,True
77,submap_007,batch_078_window_085-089,batch_077_window_084-088,needs_review,needs_review,"shared_p90_error_too_high, fusion_conflict_ratio_too_high",0.03586631883526635,0.41360661884652966,0.35069668727507614,0.04911590512821795,0.0686653810546696,0.9164065613838198,0.096025,0.2369,0.667075,11523,28428,80049,10.840982857211017,3.8473736182490574,9.354266868604293,10.840982857211017,101.40944676431613,113.62846724507231,0.6346061388456556,0.3016008208662992,0.06379304028804514,True,False,True
78,submap_007,batch_079_window_086-090,batch_078_window_085-089,needs_review,needs_review,"shared_p90_error_too_high, fusion_conflict_ratio_too_high",0.040358255601890325,0.17125641944389233,0.5390755700014339,0.05101525531415631,0.14531371977262056,0.5389427044395573,0.010041666666666667,0.29281666666666667,0.6971416666666667,1205,35138,83657,9.416238215934872,3.8408081855470497,8.156476404377008,9.416238215934872,76.80332482626584,15.689424939946143,0.8040588505804024,0.15966068719163481,0.03628046222796274,False,False,False
80,submap_007,batch_081_window_088-092,batch_080_window_087-091,needs_review,needs_review,"shared_p90_error_too_high, fusion_conflict_ratio_too_high",0.0537900375640925,0.41901468083454196,0.6198245705633583,0.047874185062628916,0.06385383628454327,0.6919416710971233,0.03770833333333334,0.36733333333333335,0.5949583333333334,4525,44080,71395,7.226708715462522,3.029624132792971,4.192017249904252,7.226708715462522,30.29448759525229,149.36710798532047,0.8199836463629332,0.030418160867739873,0.14959819276932693,False,False,False
82,submap_008,batch_083_window_090-094,batch_082_window_089-093,needs_review,needs_review,"shared_p90_error_too_high, fusion_conflict_ratio_too_high",0.030388534134579325,0.15590432848883573,0.576184864045795,0.0480842798827536,0.017254433458810736,0.3584182567156002,0.03161666666666667,0.24523333333333333,0.72315,3794,29428,86778,4.9905439098873146,2.322426465598741,5.82646816054853,5.82646816054853,29.077245194777813,130.48003600703518,0.8565584815171448,0.09075212796689301,0.052689390515962234,False,False,False
83,submap_008,batch_084_window_091-095,batch_083_window_090-094,accepted,needs_review,fusion_conflict_ratio_too_high,0.025002150614354884,0.07121607074992842,0.6526259534567361,0.04722183191856994,0.010690661289458187,0.4760794828400711,0.0035666666666666668,0.3480416666666667,0.6483916666666667,428,41765,77807,4.337478491211884,1.6102115418866454,3.6743654074943506,4.337478491211884,15.937480923859734,26.85493410437583,0.3724158851822749,0.5857430724015674,0.04184104241615762,False,False,False
84,submap_008,batch_085_window_092-096,batch_084_window_091-095,needs_review,needs_review,"shared_p90_error_too_high, fusion_conflict_ratio_too_high",0.05157864454246694,0.25025295166981104,0.6319068255687974,0.04765689865110019,0.12576869372942368,1.879891052858322,0.00025833333333333334,0.43188333333333334,0.5678583333333334,31,51826,68143,3.722986292801145,0.6434555850137318,2.7735279376237667,3.722986292801145,10.325806494474312,3.0021868041580237,0.7332867919398321,0.21498844907196255,0.05172475898820531,False,False,False
85,submap_008,batch_086_window_093-097,batch_085_window_092-096,accepted,needs_review,fusion_conflict_ratio_too_high,0.033263122105764945,0.10146558630168813,0.609200123215936,0.04713943889297069,0.06935773857586008,0.726737612389996,0.011816666666666666,0.4356083333333333,0.552575,1418,52273,66309,2.34021981178621,1.7415228157795466,1.3600154753373372,2.34021981178621,3.182735159720276,445.5287445671807,0.7269818770180694,0.2653819153938284,0.00763620758810217,False,False,False
87,submap_008,batch_088_window_095-099,batch_087_window_094-098,accepted,needs_review,fusion_conflict_ratio_too_high,0.01457623774671687,0.04067332199364444,0.4739057239057239,0.04715341002252455,0.09311734711600622,1.355925564792984,0.07788333333333333,0.27721666666666667,0.6449,9346,33266,77388,5.348725939080996,2.400960916955155,3.574395728034167,5.348725939080996,19.11846314707665,488.8468245644039,0.9260135072537856,0.03161398010076952,0.04237251264544483,False,False,False
88,submap_008,batch_089_window_096-100,batch_088_window_095-099,accepted,needs_review,fusion_conflict_ratio_too_high,0.028863508991809634,0.059985684636410914,0.5328018080231025,0.046978671819280435,0.12280720340568614,1.4925281481130699,0.03704166666666667,0.417,0.5459583333333333,4445,50040,65515,3.6483193532971976,1.7908555950648668,4.48411397720538,4.48411397720538,16.359479805428858,271.70790592772613,0.8554764911796044,0.069855653166323,0.07466785565407257,False,False,False
89,submap_008,batch_090_window_097-101,batch_089_window_096-100,needs_review,needs_review,"shared_p90_error_too_high, fusion_conflict_ratio_too_high",0.03298220548959422,0.14441387276896384,0.6474405668498775,0.047242220678376454,0.13748777577326543,1.6605740863329115,0.021966666666666666,0.43335833333333335,0.544675,2636,52003,65361,3.7242895194633876,1.8112638433003694,3.363638379279548,3.7242895194633876,12.527163163215636,210.42274022104755,0.7130970816581842,0.22432440539126539,0.0625785129505503,False,False,False
92,submap_009,batch_093_window_100-104,batch_092_window_099-103,needs_review,needs_review,"shared_p90_error_too_high, fusion_conflict_ratio_too_high",0.03891112527087196,0.12363535965095694,0.5108758282915586,0.0453894137959805,0.14472297975958986,3.091592443132225,0.078225,0.3354416666666667,0.5863333333333334,9387,40253,70360,5.024044251980161,2.2505261343669734,4.5583246020984305,5.024044251980161,22.901224515832375,409.89074595161736,0.6835360514606323,0.15389515899844997,0.16256878954091775,False,False,False
93,submap_009,batch_094_window_101-105,batch_093_window_100-104,accepted,needs_review,fusion_conflict_ratio_too_high,0.030429129409237327,0.08047137657463949,0.7172202435185953,0.045309722457242074,0.1016388043483496,0.5386297652358051,0.015983333333333332,0.43109166666666665,0.552925,1918,51731,66351,5.20632986110849,2.3533449373009554,4.414938932027139,5.20632986110849,22.98562839678332,83.4434441769889,0.7534129360016023,0.18241200207856237,0.06417506191983531,False,False,False
94,submap_009,batch_095_window_102-106,batch_094_window_101-105,accepted,needs_review,fusion_conflict_ratio_too_high,0.022629483060827675,0.07366403749943658,0.7704419259146573,0.04595065253735239,0.06814753800287754,0.2895770025573361,0.006691666666666667,0.49604166666666666,0.4972666666666667,803,59525,59672,4.3177664058666885,2.01802161112397,5.213657047276017,5.213657047276017,22.5113532504385,35.67088975356727,0.8246643489672089,0.10588172365413592,0.06945392737865515,False,False,False
95,submap_009,batch_096_window_103-107,batch_095_window_102-106,accepted,needs_review,fusion_conflict_ratio_too_high,0.014792985453312984,0.04371579628405101,0.842943736400373,0.04390937933561695,0.056706804225082376,0.21746410729634522,0.0011916666666666666,0.5567416666666667,0.44206666666666666,143,66809,53048,3.7694682646053046,1.1922033352558592,4.619337554647794,4.619337554647794,17.412446315744333,8.21251634646531,0.7838757082722625,0.1180796988869344,0.09804459284080308,False,False,False
96,submap_009,batch_097_window_104-108,batch_096_window_103-107,accepted,needs_review,fusion_conflict_ratio_too_high,0.013633272154172598,0.0943290822600399,0.7998400639744102,0.04554142456416235,0.1176684443907178,0.6077496951358217,0.0019333333333333333,0.530125,0.46794166666666664,232,63615,56153,3.381491477468237,1.4094633273732504,3.4490276189546494,3.4490276189546494,11.662857499047712,19.892209093607043,0.9437365180665017,0.015778579908375834,0.040484902025122366,False,False,False
97,submap_009,batch_098_window_105-109,batch_097_window_104-108,accepted,needs_review,fusion_conflict_ratio_too_high,0.007943976126828128,0.02854166983724142,0.805963623644631,0.04497264236294618,0.05254948961299241,0.5184270812491624,0.0012416666666666667,0.5917833333333333,0.406975,149,71014,48837,1.460647012404205,1.5639029089541845,0.5847284935784298,1.5639029089541845,0.8540819272129448,174.45633170838707,0.7169440530888661,0.2366685640387521,0.046387382872381824,False,False,False
98,submap_009,batch_099_window_106-110,batch_098_window_105-109,accepted,needs_review,fusion_conflict_ratio_too_high,0.01274503829548225,0.03706194269085355,0.7995563442768412,0.04305288709164497,0.14116626495514326,1.1755755585665355,0.00095,0.607475,0.391575,114,72897,46989,4.016117297758186,0.8584040467974793,3.1403243575852535,4.016117297758186,12.611910973069499,9.039074272204013,0.8249027651935741,0.1556796652636535,0.019417569542772344,False,False,False
99,submap_009,batch_100_window_107-111,batch_099_window_106-110,accepted,needs_review,fusion_conflict_ratio_too_high,0.007505973452400191,0.02722541800847863,0.7885914435826871,0.0427043202934238,0.014909631070735601,0.08345977487396568,0.0073,0.6198416666666666,0.37285833333333335,876,74381,44743,5.094161483742561,0.9466705553568886,3.4811658185675487,5.094161483742561,17.733620831467952,49.3976953903038,0.9781239007799458,0.013202715122614674,0.00867338409743957,False,False,False
100,submap_009,batch_101_window_108-112,batch_100_window_107-111,accepted,needs_review,fusion_conflict_ratio_too_high,0.010801602298546856,0.039447939485229226,0.7479131886477463,0.04205886284540307,0.031081153774550653,0.16122362574135596,0.01035,0.6499,0.33975,1242,77988,40770,4.310650339433425,0.7712057851186533,4.33042610574124,4.33042610574124,18.66695276260484,66.53469453718635,0.7537538607195085,0.18842778737154958,0.05781835190894193,False,False,False
101,submap_010,batch_102_window_109-113,batch_101_window_108-112,accepted,needs_review,fusion_conflict_ratio_too_high,0.015407005290500294,0.036431532005410966,0.8098473410501593,0.04229247715829725,0.013785749598765364,0.09389050022886174,0.001425,0.622675,0.3759,171,74721,45108,4.078845398505923,1.8529980609796182,3.634792812916362,4.078845398505923,14.825757939486301,11.533980299554587,0.9666649709761488,0.012107312377711295,0.02122771664613989,False,False,False
102,submap_010,batch_103_window_110-114,batch_102_window_109-113,accepted,accepted,,0.012902076675578088,0.03951894920596019,0.790133779264214,0.04091194743740024,0.11271604232584886,1.1925051093713694,0.0017333333333333333,0.7062166666666667,0.29205,208,84746,35046,4.459992503455685,1.6950391721292697,5.190740599375028,5.190740599375028,23.150664160595692,8.984623445664806,0.9152253641615177,0.04441957508074504,0.04035506075773727,False,False,False
103,submap_010,batch_104_window_111-115,batch_103_window_110-114,accepted,accepted,,0.00986886579397565,0.03213362046154451,0.8005671077504726,0.039771870762486936,0.06323250414111384,0.688351816159499,0.000125,0.7396333333333334,0.26024166666666665,15,88756,31229,3.79023697273831,0.7183569351420271,4.974965182172984,4.974965182172984,18.85629697155783,0.795490229212314,0.827703922800138,0.15244895990803256,0.019847117291829454,False,False,False
104,submap_010,batch_105_window_112-116,batch_104_window_111-115,accepted,accepted,,0.010477045681811084,0.031390763626072536,0.8572669054596765,0.03874398668242396,0.04915071976363382,0.48603564967937285,0.000625,0.7419166666666667,0.25745833333333334,75,89030,30895,3.320367379786747,0.5139066922859816,4.101143845925485,4.101143845925485,13.617304245824144,5.507698046990421,0.9693093494054144,0.03061998433053406,7.066626405153746e-05,False,False,False
105,submap_010,batch_106_window_113-117,batch_105_window_112-116,accepted,accepted,,0.01880080960997454,0.04899961131806152,0.8636637359990365,0.03759686765011541,0.0652362409311823,0.7565287962887313,0.0019083333333333333,0.7438166666666667,0.254275,229,89258,30513,2.2390195466037555,1.7462613772928657,1.9600327920470502,2.2390195466037555,4.388551733377679,52.18122376416617,0.36521508419951537,0.5646766672162592,0.07010824858422549,False,False,False
106,submap_010,batch_107_window_114-118,batch_106_window_113-117,accepted,accepted,,0.011809331530346506,0.03755796662841532,0.886815415821501,0.037049567812358485,0.048322995275578574,0.5653217276306705,0.00015,0.7803833333333333,0.21946666666666667,18,93646,26336,1.6292672673474229,0.6468259284771856,0.6321770429778857,1.6292672673474229,1.0299853632923541,17.47597649588233,0.9621732709272663,0.03693115551319711,0.0008955735595365564,False,False,False
107,submap_010,batch_108_window_115-119,batch_107_window_114-118,accepted,accepted,,0.01012268794572842,0.0276019496267552,0.9109212050984936,0.03531919406884698,0.01810864118502897,0.2194089893285019,0.0,0.8305916666666666,0.16940833333333333,0,99671,20329,0.0,0.0,0.0,0.0,0.0,0.0,0.0,0.0,0.0,False,False,False
108,submap_010,batch_109_window_116-120,batch_108_window_115-119,accepted,accepted,,0.011668208841346677,0.03365925194991297,0.8656492710178498,0.037229348873218014,0.017641121075080417,0.4190542152246632,0.0008666666666666666,0.7962833333333333,0.20285,104,95554,24342,1.2564601798747739,0.21423670689849256,1.2534569784678524,1.2564601798747739,1.5749187806310083,66.03515132274394,0.9245920698629362,0.07024538493311616,0.005162545203947693,False,False,False
109,submap_010,batch_110_window_117-121,batch_109_window_116-120,accepted,accepted,,0.008994751134263816,0.03274112327246086,0.8734112862226742,0.03611003160647145,0.031005278119827142,0.32957685414054644,0.000175,0.725825,0.274,21,87099,32880,0.6063542555674806,0.20905557074060066,0.3478594994180382,0.6063542555674806,0.21092608781170097,99.56094202414273,0.9595545628446498,0.03937868963596801,0.0010667475193821346,False,False,False
110,submap_010,batch_111_window_118-122,batch_110_window_117-121,accepted,needs_review,fusion_conflict_ratio_too_high,0.01005361232278464,0.036443441097212696,0.47057558597949967,0.04206677194740229,0.07181734201949025,1.1144606713924183,0.033416666666666664,0.281075,0.6855083333333334,4010,33729,82261,5.3622877006201195,2.7332684729941605,5.971099117833175,5.971099117833175,32.01875135874048,125.2391123898512,0.5602559743245055,0.3350146542759214,0.10472937139957311,False,True,True
111,submap_011,batch_112_window_119-123,batch_111_window_118-122,accepted,needs_review,fusion_conflict_ratio_too_high,0.008303213827079515,0.02868984717198967,0.4898930620761607,0.04441485197197704,0.01964777918898006,0.31341990097676303,0.017433333333333332,0.4467083333333333,0.5358583333333333,2092,53605,64303,5.6119998871322005,2.5650315320358192,5.865582758078028,5.865582758078028,32.917649776298475,63.5525322803055,0.6207596403199197,0.3457587013058982,0.03348165837418209,False,False,False
112,submap_011,batch_113_window_120-124,batch_112_window_119-123,needs_review,needs_review,"shared_p90_error_too_high, fusion_conflict_ratio_too_high",0.014450356132499616,0.12352363070257288,0.4480407972108029,0.046753723379726005,0.032139516059140484,0.26255777596576746,0.018516666666666667,0.44608333333333333,0.5354,2222,53530,64248,5.650522811805962,2.5952932913756426,4.774004149278561,5.650522811805962,26.975619349154822,82.37067595149091,0.7162404721037526,0.2583105905689875,0.025448937327259856,False,False,False
113,submap_011,batch_114_window_121-125,batch_113_window_120-124,needs_review,needs_review,"shared_p90_error_too_high, fusion_conflict_ratio_too_high",0.02968934485174641,0.19496130616925486,0.3891786179921773,0.048224961274373604,0.05056089802375949,0.7275039287527402,0.04516666666666667,0.3627916666666667,0.5920416666666667,5420,43535,71045,5.41878182781582,2.4134620226085888,5.2796152071322835,5.41878182781582,28.609082942268476,189.45032285506167,0.36574902791527114,0.5948069746911,0.03944399739362893,False,False,False
120,submap_011,batch_121_window_128-132,batch_120_window_127-131,needs_review,needs_review,"shared_median_error_too_high, shared_p90_error_too_high, icp_fitness_too_low, fusion_conflict_ratio_too_high",0.15058045969500145,0.4175535856641427,0.22590815627141878,0.05264160359152637,0.10214035622539702,0.8653535476065437,0.06256666666666667,0.05780833333333334,0.879625,7508,6937,105555,5.3297168498190315,2.2149970087899087,6.480384746478373,6.480384746478373,34.53861577661602,217.37987557345036,0.4620691409257076,0.5147334015098707,0.02319745756442173,False,False,False
121,submap_012,batch_122_window_129-133,batch_121_window_128-132,needs_review,needs_review,"shared_median_error_too_high, shared_p90_error_too_high, icp_fitness_too_low, fusion_conflict_ratio_too_high",0.27129213557344567,0.5400718943816115,0.2119332763045338,0.052380621011622566,0.11295941803330166,1.0420582499146573,0.09703333333333333,0.054158333333333336,0.8488083333333334,11644,6499,101857,6.654182327265433,2.6272650790316963,6.92989162379078,6.92989162379078,46.112762372893364,252.51143936769955,0.36058595257655396,0.6237288080981442,0.015685239325301754,False,False,False
122,submap_012,batch_123_window_130-134,batch_122_window_129-133,needs_review,needs_review,"shared_median_error_too_high, shared_p90_error_too_high, icp_fitness_too_low, fusion_conflict_ratio_too_high",0.2582396501354637,0.5260091651506595,0.2391632056606676,0.05333456813866697,0.12896179679455574,3.3751550747406966,0.046783333333333336,0.09966666666666667,0.85355,5614,11960,102426,6.71648233677953,2.8939237475351978,6.302571998185124,6.71648233677953,42.331113502091654,132.62112747689952,0.5103024882861742,0.4443602870080705,0.04533722470575537,False,False,False
137,submap_013,batch_138_window_145-149,batch_137_window_144-148,needs_review,needs_review,"shared_p90_error_too_high, icp_fitness_too_low, fusion_conflict_ratio_too_high",0.056384400809207966,0.1652651599923866,0.0,0.0,2.7755575615628914e-16,0.0,0.28365,0.0,0.71635,34038,0,85962,4.067620824358819,2.8952249275465305,4.684242238486499,4.684242238486499,19.053721275608854,1786.4226891768851,0.5268134323141039,0.4235962555689638,0.049590312116932274,False,False,False
138,submap_013,batch_139_window_146-150,batch_138_window_145-149,needs_review,needs_review,"icp_fitness_too_low, fusion_conflict_ratio_too_high",0.059041151846138014,0.10616513348268587,0.19230769230769232,0.04596500332943826,0.08485500572717306,0.40392263727390854,0.15124166666666666,0.25345833333333334,0.5953,18149,30415,71436,3.888209264387175,2.598463667471584,4.6793648509772945,4.6793648509772945,18.19434976501763,997.5074808606338,0.6307814739816167,0.31595589554531167,0.053262630473071636,False,False,False
139,submap_013,batch_140_window_147-151,batch_139_window_146-150,needs_review,needs_review,"shared_median_error_too_high, shared_p90_error_too_high, fusion_conflict_ratio_too_high",0.06212628556045371,0.1927701262172653,0.4245979708744565,0.04476711679031082,0.07651346964280596,0.7336258181681545,0.055641666666666666,0.29339166666666666,0.6509666666666667,6677,35207,78116,3.63679184653203,2.127908785245373,4.185852197521494,4.185852197521494,15.22307314273435,438.61051821765636,0.6423414981114198,0.2627805604311419,0.09487794145743822,False,False,False
140,submap_013,batch_141_window_148-152,batch_140_window_147-151,needs_review,needs_review,"shared_p90_error_too_high, fusion_conflict_ratio_too_high",0.05034700660903802,0.20835709958487417,0.5836112795633718,0.043000473668796196,0.025179096204271507,0.3112224276542315,0.20464166666666667,0.14944166666666667,0.6459166666666667,24557,17933,77510,3.9700255027522733,1.9523903774178166,1.5250601796396674,3.9700255027522733,6.054527806401443,4055.972783548194,0.9441938245855553,0.021585882689528504,0.0342202927249162,False,False,False
141,submap_014,batch_142_window_149-153,batch_141_window_148-152,accepted,needs_review,fusion_conflict_ratio_too_high,0.024563710441665443,0.0915907997585125,0.6973032471106219,0.04317876428684448,0.02236375604361409,0.30567507965353446,0.14670833333333333,0.06693333333333333,0.7863583333333334,17605,8032,94363,0.15143768993798967,0.7569062766102029,1.3143512695135722,1.3143512695135722,0.19904232002219943,88448.52691646929,0.8092339612737295,0.18762330625277757,0.0031427324734929814,False,False,False
142,submap_014,batch_143_window_150-154,batch_142_window_149-153,accepted,needs_review,fusion_conflict_ratio_too_high,0.03931679422523339,0.07130836102624918,0.718885387948011,0.04461777775200834,0.04588597566792314,0.3549748447586366,0.4320333333333333,0.0,0.5679666666666666,51844,0,68156,0.2938534721105359,0.959890771913156,1.197032923914438,1.197032923914438,0.3517522809228846,147387.81469725815,0.6285024718173976,0.36434895457680566,0.007148573605796696,False,False,False
143,submap_014,batch_144_window_151-155,batch_143_window_150-154,needs_review,needs_review,"shared_p90_error_too_high, fusion_conflict_ratio_too_high",0.041477325199026055,0.1499837718983318,0.6989531807201196,0.04627579441244162,0.13409978983632023,1.2562672373448236,0.212775,0.0,0.787225,25533,0,94467,0.4163164509342563,1.066915844284791,1.272004984714789,1.272004984714789,0.5295566008071438,48215.80915256822,0.31831065026010263,0.661209028780276,0.020480320959621386,False,False,False
145,submap_014,batch_146_window_153-157,batch_145_window_152-156,needs_review,needs_review,"shared_median_error_too_high, shared_p90_error_too_high, icp_fitness_too_low, fusion_conflict_ratio_too_high",0.1128601524616827,0.23393673845840657,0.3020796616143814,0.052640064917018045,0.13144279397924344,2.524655497359101,0.049058333333333336,0.003725,0.9472166666666667,5887,447,113666,0.42056143971465854,0.823036091739641,1.301029551440415,1.301029551440415,0.5471628612650974,10759.13666068023,0.8682845499747653,0.11322630438053143,0.018489145644703216,False,False,False
148,submap_014,batch_149_window_156-160,batch_148_window_155-159,needs_review,needs_review,"shared_median_error_too_high, shared_p90_error_too_high, icp_fitness_too_low, fusion_conflict_ratio_too_high",0.25083321346388465,1.2132344998055913,0.01951624623689401,0.05355852265803787,0.14236450255381675,1.9457628866228793,0.35381666666666667,0.00046666666666666666,0.6457166666666667,42458,56,77486,5.124781121643908,2.924273818558729,7.060437472474826,7.060437472474826,36.183196669486215,1173.4176056314398,0.6525386480637497,0.303432393227625,0.044028958708625325,True,False,True
149,submap_014,batch_150_window_157-161,batch_149_window_156-160,needs_review,needs_review,"shared_median_error_too_high, shared_p90_error_too_high, icp_fitness_too_low, fusion_conflict_ratio_too_high",0.5320255790323458,1.7368442469056085,0.07619284500269452,0.0504080098367645,0.10401020623258052,2.51833610457445,0.19348333333333334,0.038125,0.7683916666666667,23218,4575,92207,4.042636142320802,2.6573117874186023,4.50273695503298,4.50273695503298,18.202927153779843,1275.50914223039,0.7989630338494769,0.09647370470344664,0.10456326144707645,False,False,False
150,submap_014,batch_151_window_158-162,batch_150_window_157-161,needs_review,needs_review,"shared_median_error_too_high, shared_p90_error_too_high, icp_fitness_too_low, fusion_conflict_ratio_too_high",0.1601042689805453,0.715661190543803,0.09893674223370856,0.04952421090763465,0.1051197838064782,2.626063566091364,0.08185,0.19250833333333334,0.7256416666666666,9822,23101,87077,7.0367189951778855,2.8895564701374252,6.712624973372698,7.0367189951778855,47.23485565763711,207.93966369222812,0.8912480263505873,0.0842260627314264,0.02452591091798634,True,False,True
151,submap_015,batch_152_window_159-163,batch_151_window_158-162,needs_review,needs_review,"shared_p90_error_too_high, icp_fitness_too_low, fusion_conflict_ratio_too_high",0.05923524993361172,0.12233513139456821,0.21190737013731434,0.0505549308727356,0.050751602725071746,0.2653715110866207,0.12736666666666666,0.11023333333333334,0.7624,15284,13228,91488,7.208698592012254,3.5866782758607836,9.004389571490197,9.004389571490197,64.90993042593121,235.46474167678534,0.8771351853431856,0.09314100224412443,0.029723812412689964,True,False,True
152,submap_015,batch_153_window_160-164,batch_152_window_159-163,needs_review,needs_review,"icp_fitness_too_low, fusion_conflict_ratio_too_high",0.023247608649669772,0.0695978014805838,0.20715582534064442,0.04917155463229282,0.06381075266536304,0.816448023861988,0.26765833333333333,0.004633333333333333,0.7277083333333333,32119,556,87325,7.913635368546425,5.294510027294836,12.1325425728447,12.1325425728447,96.01251801485905,334.529295388641,0.5101131038495639,0.44722118987626175,0.04266570627417437,True,False,True
164,submap_016,batch_165_window_172-176,batch_164_window_171-175,needs_review,needs_review,"shared_p90_error_too_high, icp_fitness_too_low, fusion_conflict_ratio_too_high",0.047611623334709606,0.17966872120217248,0.06741744607749571,0.053245604813701476,0.13653615385913195,1.7177792262452682,0.17555833333333334,0.004666666666666667,0.819775,21067,560,98373,17.59732072834411,5.771767823083087,11.446832506801284,17.59732072834411,201.4335829458174,104.58534119242026,0.9255135202845528,0.06282343295448113,0.011663046760966035,True,False,True
185,submap_018,batch_186_window_193-197,batch_185_window_192-196,needs_review,needs_review,"shared_p90_error_too_high, icp_fitness_too_low, fusion_conflict_ratio_too_high",0.0483530027947192,0.15929076394522076,0.09514471192859075,0.053000720749959734,0.09234188027504715,1.424250796352639,0.19115833333333335,0.036533333333333334,0.7723083333333334,22939,4384,92677,10.360917259798816,4.061141050955699,12.288016965161784,12.288016965161784,127.3151270630454,180.1749762904513,0.7515836279773892,0.232068190081208,0.016348181941402872,True,False,True
186,submap_018,batch_187_window_194-198,batch_186_window_193-197,needs_review,needs_review,"shared_p90_error_too_high, icp_fitness_too_low, fusion_conflict_ratio_too_high",0.04639625713550589,0.16366828578951445,0.3399399267720506,0.05135556179490803,0.04812991764066898,0.16481088860682785,0.10334166666666667,0.14186666666666667,0.7547916666666666,12401,17024,90575,9.682691445454273,3.852925305711401,12.295336879792487,12.295336879792487,119.05195322494514,104.16460766980175,0.29640309827805056,0.638733140976852,0.06486376074509746,True,False,True
187,submap_018,batch_188_window_195-199,batch_187_window_194-198,needs_review,needs_review,"shared_p90_error_too_high, fusion_conflict_ratio_too_high",0.04556759144304537,0.15465378299478752,0.4518782328499958,0.052226485727059846,0.11641191035991864,0.8395029887900692,0.02865,0.15219166666666667,0.8191583333333333,3438,18263,98299,9.821613807782594,3.583727396112191,10.66839430949649,10.66839430949649,104.78084885701998,32.81133945279797,0.23062215987945317,0.6916929953417743,0.07768484477877251,False,False,False
188,submap_018,batch_189_window_196-200,batch_188_window_195-199,needs_review,needs_review,"shared_p90_error_too_high, fusion_conflict_ratio_too_high",0.03526192997685184,0.13877979786176536,0.5442900664697193,0.05207407182931585,0.06767979821867207,0.3481334388212016,0.014191666666666667,0.224375,0.7614333333333333,1703,26925,91372,9.420136824223833,3.79963762524771,11.990787848644803,11.990787848644803,112.95486216447459,15.076818893552774,0.34654698615752844,0.6036499595452227,0.04980305429724888,False,False,False
189,submap_018,batch_190_window_197-201,batch_189_window_196-200,needs_review,needs_review,"shared_p90_error_too_high, fusion_conflict_ratio_too_high",0.049162484148326635,0.1601746078953419,0.570457329522254,0.05187117474623722,0.02675697354570657,0.13037135483124104,0.01725,0.15745833333333334,0.8252916666666666,2070,18895,99035,10.104336885827388,3.906971355413426,11.277078473060431,11.277078473060431,113.94739997971452,18.16627672389639,0.34260066403057976,0.6036540420802317,0.053745293889188556,False,False,False
190,submap_018,batch_191_window_198-202,batch_190_window_197-201,needs_review,needs_review,"shared_p90_error_too_high, fusion_conflict_ratio_too_high",0.04509411746691906,0.18074448127014242,0.6376178637819436,0.051445107736171655,0.05924694771602696,0.39642041201530515,0.006291666666666667,0.209525,0.7841833333333333,755,25143,94102,9.728768362090014,3.539657947561082,12.060830215094732,12.060830215094732,117.33702341715292,6.434456729960224,0.3603706790047982,0.613732066028436,0.025897254966765773,False,False,False
191,submap_019,batch_192_window_199-203,batch_191_window_198-202,accepted,needs_review,fusion_conflict_ratio_too_high,0.025687913655907706,0.10845986689040518,0.6200199755853957,0.05173333887639593,0.04797649724407874,0.21731533531825062,0.007166666666666667,0.23573333333333332,0.7571,860,28288,90852,10.221325927068097,3.144467476927063,10.199796787198235,10.221325927068097,104.25544735181519,8.248969448070058,0.3858789299984646,0.5843151976815861,0.029805872319949245,False,False,False
192,submap_019,batch_193_window_200-204,batch_192_window_199-203,needs_review,needs_review,"shared_p90_error_too_high, fusion_conflict_ratio_too_high",0.03890411444317003,0.1874482853168448,0.6661671888480225,0.05132602526957474,0.05886966970560283,0.6856607369174471,0.003191666666666667,0.30144166666666666,0.6953666666666667,383,36173,83444,10.272209852140595,3.264036814941289,8.94185282479397,10.272209852140595,91.85258868323983,4.1697246151744585,0.2209262111123878,0.752104983607078,0.026968805280534212,False,False,False
193,submap_019,batch_194_window_201-205,batch_193_window_200-204,needs_review,needs_review,"shared_p90_error_too_high, fusion_conflict_ratio_too_high",0.03490418645379849,0.12858320788090877,0.6655242213736946,0.05101967468111073,0.021633953265609625,0.08782595455898394,0.0013333333333333333,0.2659,0.7327666666666667,160,31908,87932,6.347235121046143,3.0033109520703647,9.672754349335516,9.672754349335516,61.39524612335423,2.6060649659833737,0.17535474881036414,0.7592898790680283,0.06535537212160764,False,False,False
194,submap_019,batch_195_window_202-206,batch_194_window_201-205,needs_review,needs_review,"shared_p90_error_too_high, fusion_conflict_ratio_too_high",0.04306058883851491,0.2463440299920999,0.6516468617912115,0.050669712191005606,0.075570799223528,0.4967354793804876,0.004941666666666666,0.30769166666666664,0.6873666666666667,593,36923,82484,8.922845503870118,3.161964703975694,7.1187452057831635,8.922845503870118,63.51946365261926,9.335721145931737,0.34516348788108464,0.5689476052345672,0.08588890688434818,False,False,False
195,submap_019,batch_196_window_203-207,batch_195_window_202-206,needs_review,needs_review,"shared_p90_error_too_high, fusion_conflict_ratio_too_high",0.03870702309033487,0.13828766313112653,0.6401836613614672,0.0510240381033263,0.06738147538042803,0.6599357754145428,0.004308333333333333,0.347725,0.6479666666666667,517,41727,77756,7.742151390369381,3.0793679419641737,8.93740802611715,8.93740802611715,69.19476597570136,7.471663394042713,0.7853690254219413,0.19534188926706367,0.019289085310994998,False,False,False
196,submap_019,batch_197_window_204-208,batch_196_window_203-207,needs_review,needs_review,"shared_p90_error_too_high, fusion_conflict_ratio_too_high",0.055185821256855845,0.18149466213778434,0.6846740660707854,0.04969322624953287,0.08353526469299552,0.9858608771388114,0.010866666666666667,0.273925,0.7152083333333333,1304,32871,85825,3.0641191701963466,1.6439530343822553,5.067992699486426,5.067992699486426,15.528933584911492,83.9722826342059,0.7259283934466503,0.14012096613613612,0.13395064041721358,False,False,False
197,submap_019,batch_198_window_205-209,batch_197_window_204-208,accepted,needs_review,fusion_conflict_ratio_too_high,0.026652804228151604,0.11973970165241586,0.678037653627481,0.048824616017258814,0.07611885484979923,0.8449041182615106,0.037525,0.198175,0.7643,4503,23781,91716,1.495500184942872,1.2399018894586329,3.5460097436226565,3.5460097436226565,5.3030582273969085,849.1326715472196,0.925755196513673,0.027497057906119594,0.04674774558020737,False,False,False
198,submap_019,batch_199_window_206-210,batch_198_window_205-209,needs_review,needs_review,"shared_p90_error_too_high, fusion_conflict_ratio_too_high",0.04940085326327961,0.12517535029544113,0.6350764583726638,0.048715803669937205,0.10129097112139833,1.0141859647226126,0.13509166666666667,0.1386,0.7263083333333333,16211,16632,87157,2.4452467067524593,0.8898927535516012,1.5084882231839356,2.4452467067524593,3.6886258599153874,4394.861559738634,0.8182027507672928,0.15825552801026938,0.02354172122243786,False,False,False
199,submap_019,batch_200_window_207-211,batch_199_window_206-210,accepted,needs_review,fusion_conflict_ratio_too_high,0.023116932671675722,0.05231938747525866,0.5161540851196024,0.046354764843549306,0.06680060035999902,1.0252468519517661,0.14038333333333333,0.16443333333333332,0.6951833333333334,16846,19732,83422,6.929479497864136,2.518310448291037,4.260976081729876,6.929479497864136,29.526346399236633,570.5412980061608,0.7708195038270734,0.20513433912133852,0.024046157051588062,False,False,False
200,submap_019,batch_201_window_208-212,batch_200_window_207-211,accepted,needs_review,fusion_conflict_ratio_too_high,0.01873028958945119,0.053295860028620426,0.5084756728778468,0.04767828851767796,0.023190797031891707,0.26005322257243435,0.057383333333333335,0.16935833333333333,0.7732583333333334,6886,20323,92791,8.420253456955958,2.5495131533514797,3.394160268876028,8.420253456955958,28.579689737465937,240.94033431625903,0.9037033104572205,0.07229213321532067,0.024004556327458865,True,False,True
201,submap_020,batch_202_window_209-213,batch_201_window_208-212,accepted,needs_review,fusion_conflict_ratio_too_high,0.013923390750368709,0.04105977446010503,0.5140402513722059,0.049587215740091936,0.010520913780915643,0.3656628110054615,0.052408333333333335,0.06258333333333334,0.8850083333333333,6289,7510,106201,2.8056921458876225,0.9055298299941115,3.393935131170341,3.393935131170341,9.522337141176704,660.4471052390032,0.6908150248346893,0.18257878118548376,0.12660619397982698,False,False,False
202,submap_020,batch_203_window_210-214,batch_202_window_209-213,accepted,needs_review,fusion_conflict_ratio_too_high,0.03745699398985602,0.10362247433180051,0.4731635445169438,0.05206378339382215,0.04797257549062141,1.3702071634706277,0.009375,0.153,0.837625,1125,18360,100515,0.9244356447144175,0.5638008586027975,0.7342895220898806,0.9244356447144175,0.6788034077602003,1657.3281558972767,0.7857620722494204,0.13162256768624647,0.08261536006433315,False,False,False
203,submap_020,batch_204_window_211-215,batch_203_window_210-214,accepted,needs_review,fusion_conflict_ratio_too_high,0.014300510783348456,0.030678266190896534,0.506756026375527,0.05127131311349819,0.02944684290803229,0.15299348313461716,0.0015333333333333334,0.15315,0.8453166666666667,184,18378,101438,1.3707372888036802,0.7599078029420894,3.1327189080306788,3.1327189080306788,4.294134622577998,42.849145677117825,0.9758320847669715,0.020565019580674235,0.0036028956523543355,False,False,False
204,submap_020,batch_205_window_212-216,batch_204_window_211-215,accepted,needs_review,fusion_conflict_ratio_too_high,0.004406720368716659,0.010492053474062894,0.5039537353947834,0.051771577050036176,0.0188728316644821,0.23265889112061192,0.00725,0.213975,0.778775,870,25677,93453,4.864652050239462,2.4075797264538417,4.614091888150469,4.864652050239462,22.44595156368445,38.759773562355115,0.8802639294289188,0.0765832211734467,0.04315284939763442,False,False,False
205,submap_020,batch_206_window_213-217,batch_205_window_212-216,accepted,needs_review,fusion_conflict_ratio_too_high,0.003857333363906536,0.011328611420950544,0.5934128336172629,0.05135039885243563,0.042252897918424334,0.8117571647942836,0.003608333333333333,0.249225,0.7471666666666666,433,29907,89660,5.104337988139486,2.503745891702305,5.3729811623445745,5.3729811623445745,27.42551185651326,15.788219460238341,0.6958581423369878,0.1672820475676794,0.1368598100953328,False,False,False
207,submap_020,batch_208_window_215-219,batch_207_window_214-218,needs_review,needs_review,"shared_median_error_too_high, shared_p90_error_too_high, fusion_conflict_ratio_too_high",0.06597847054437819,0.1971313841156553,0.37501656726308813,0.05261946748833384,0.13897012866957953,1.9953626893255823,0.06055,0.16874166666666668,0.7707083333333333,7266,20249,92485,6.080756603689293,2.989719089699662,7.779132785039127,7.779132785039127,47.303013053602555,153.6054371793686,0.8490267613913335,0.08527650060202788,0.06569673800663868,True,False,True
208,submap_020,batch_209_window_216-220,batch_208_window_215-219,accepted,needs_review,fusion_conflict_ratio_too_high,0.03296363726231473,0.07914908118489114,0.4532639340707005,0.05242925071606296,0.060732737795107634,0.9894400133444354,0.019141666666666668,0.15210833333333335,0.82875,2297,18253,99450,8.23377194950609,3.156714149502485,8.23256225205591,8.23377194950609,67.78504014354064,33.886533003977064,0.8463404613435931,0.08100657687810153,0.07265296177830542,False,True,True
209,submap_020,batch_210_window_217-221,batch_209_window_216-220,accepted,needs_review,fusion_conflict_ratio_too_high,0.013848512090414104,0.05622660272127974,0.5210282724620183,0.05065800064719818,0.02552409922027782,0.39431566478317126,0.008333333333333333,0.18031666666666665,0.81135,1000,21638,97362,6.40713498892497,3.4431275028348267,8.44316954853921,8.44316954853921,54.09652703187141,18.48547503633351,0.4174109027888148,0.4613197212382571,0.12126937597292813,False,False,False
210,submap_020,batch_211_window_218-222,batch_210_window_217-221,accepted,needs_review,fusion_conflict_ratio_too_high,0.00886905344198697,0.04935994812520325,0.56206645646374,0.05030766680544222,0.020964164427031102,0.36917759145638984,0.0061333333333333335,0.18990833333333335,0.8039583333333333,736,22789,96475,7.690944934227925,3.344913671685706,8.178846320288153,8.178846320288153,62.903056674848884,11.700544280454366,0.6439464004226734,0.2883711083364117,0.06768249124091495,False,False,False
211,submap_021,batch_212_window_219-223,batch_211_window_218-222,accepted,needs_review,fusion_conflict_ratio_too_high,0.01128971468951657,0.05752896358604153,0.5288439225878313,0.05166205445675699,0.028590462112510127,0.3245057129942363,0.018508333333333335,0.18619166666666667,0.7953,2221,22343,95436,6.806723478354256,3.1762228146556084,8.542098044730697,8.542098044730697,58.14369931547241,38.19846391178928,0.5873675226176368,0.2801661374055377,0.13246633997682547,False,True,True
212,submap_021,batch_213_window_220-224,batch_212_window_219-223,accepted,needs_review,fusion_conflict_ratio_too_high,0.014367430966855211,0.07816987554261293,0.5489544568491936,0.05140896459881853,0.019128643437575307,0.32618003664537404,0.006016666666666667,0.15881666666666666,0.8351666666666666,722,19058,100220,5.785474998064053,3.0964437001093383,8.80502593638383,8.80502593638383,50.941257412254174,14.173187641542576,0.7345560313386887,0.22394614098592175,0.04149782767538943,False,False,False
213,submap_021,batch_214_window_221-225,batch_213_window_220-224,accepted,needs_review,fusion_conflict_ratio_too_high,0.016407825010591393,0.07913064849637452,0.5545216757428927,0.05090834708526807,0.037536004716755667,0.36253187460814645,0.019016666666666668,0.14035,0.8406333333333333,2282,16842,100876,8.826374812560534,3.395785577489078,9.137504856785037,9.137504856785037,80.651042717577,28.294736473415284,0.028590832104545705,0.8917762775392843,0.07963289035617,False,True,True
214,submap_021,batch_215_window_222-226,batch_214_window_221-225,accepted,needs_review,fusion_conflict_ratio_too_high,0.014564053496440176,0.07086133265015139,0.526406367645477,0.05091708337975554,0.025626738386634575,0.36089744739365653,0.031225,0.17134166666666667,0.7974333333333333,3747,20561,95692,9.095279028090385,3.421367904185206,9.411240184797508,9.411240184797508,85.59785548111026,43.77446115839769,0.815514681615779,0.11735335238900389,0.0671319659952172,False,True,True
215,submap_021,batch_216_window_223-227,batch_215_window_222-226,accepted,needs_review,fusion_conflict_ratio_too_high,0.014170923916210212,0.058039634511052526,0.558836508053247,0.050476736818550715,0.01915556125043746,0.09746246954074352,0.0071,0.2538416666666667,0.7390583333333334,852,30461,88687,9.040894653505601,3.1864231375376075,9.343507839693439,9.343507839693439,84.47367007287208,10.08598299641786,0.539421910898851,0.33398387860581213,0.1265942104953368,False,False,False
216,submap_021,batch_217_window_224-228,batch_216_window_223-227,accepted,needs_review,fusion_conflict_ratio_too_high,0.01235335992733334,0.06677622640105328,0.5699245283018868,0.050251102726304966,0.02035164536081417,0.22251042815066974,0.018583333333333334,0.37395833333333334,0.6074583333333333,2230,44875,72895,6.30468905894331,3.142145482069327,9.461536139382604,9.461536139382604,59.65204337876223,37.38346372882075,0.843296044131181,0.10195294268655906,0.05475101318226002,False,True,True
217,submap_021,batch_218_window_225-229,batch_217_window_224-228,accepted,needs_review,fusion_conflict_ratio_too_high,0.0235626063609022,0.08118685356945529,0.5664608001258802,0.04907118017867475,0.06157807914563958,0.1500660470870195,0.014683333333333333,0.37061666666666665,0.6147,1762,44474,73764,6.009713102207255,3.123586145587078,8.966801154597107,8.966801154597107,53.88790238366937,32.697505786270334,0.8086938081159045,0.1546389604932338,0.03666723139086162,False,False,False
218,submap_021,batch_219_window_226-230,batch_218_window_225-229,accepted,needs_review,fusion_conflict_ratio_too_high,0.0112675809074799,0.07252260971003564,0.5329949238578681,0.049615284007285834,0.12118446698744319,0.6111320473399762,0.022875,0.3176083333333333,0.6595166666666666,2745,38113,79142,7.054441272342634,3.233790698923967,8.249425945039711,8.249425945039711,58.19509085982228,47.16892712844169,0.8584644176551572,0.053150276819115425,0.08838530552572726,False,True,True
219,submap_021,batch_220_window_227-231,batch_219_window_226-230,accepted,needs_review,fusion_conflict_ratio_too_high,0.01291816147192482,0.06509850102388606,0.5191695380991843,0.0494238853523108,0.056110881220162376,0.19911739711895646,0.043166666666666666,0.42690833333333333,0.529925,5180,51229,63591,5.169402734847543,3.2886430829604736,7.810682238134269,7.810682238134269,40.37656212283641,128.29224995038064,0.7005222942020611,0.1838732846142871,0.11560442118365168,False,False,False
220,submap_021,batch_221_window_228-232,batch_220_window_227-231,accepted,needs_review,fusion_conflict_ratio_too_high,0.02296125411602432,0.11722059507111632,0.5994760850910076,0.048440503103084634,0.0746151763475493,0.6096804645085123,0.012733333333333333,0.5215833333333333,0.46568333333333334,1528,62590,55882,6.317933491109985,3.132896683385027,6.68008435629695,6.68008435629695,42.20432867808839,36.2048170853457,0.6740984038434757,0.20611576054906616,0.11978583560745809,False,False,False
221,submap_022,batch_222_window_229-233,batch_221_window_228-232,accepted,needs_review,fusion_conflict_ratio_too_high,0.01694111925918951,0.0945603475185367,0.6118421052631579,0.05012853967545361,0.08587089407249499,0.2598835090320769,0.004375,0.4402333333333333,0.5553916666666666,525,52828,66647,3.9779361103597832,2.929437960570771,5.310241203661789,5.310241203661789,21.12380023876663,24.853482520465906,0.815918208340172,0.10983794168115515,0.07424384997867274,False,False,False
222,submap_022,batch_223_window_230-234,batch_222_window_229-233,accepted,needs_review,fusion_conflict_ratio_too_high,0.017585722712396418,0.07573162209787862,0.5535675440504677,0.050111033635968354,0.09099448241553315,0.41458743945874926,0.005225,0.35304166666666664,0.6417333333333334,627,42365,77008,4.508914970371432,2.8582985725445464,5.955512059445812,5.955512059445812,26.852897481062822,23.349435584825528,0.9166751346503608,0.030406500189906222,0.052918365159733013,False,False,False
223,submap_022,batch_224_window_231-235,batch_223_window_230-234,accepted,needs_review,fusion_conflict_ratio_too_high,0.012843026534723764,0.07577899527782266,0.5340845070422535,0.049105325691185024,0.03950233762329587,0.30806713683995635,0.023208333333333334,0.4157666666666667,0.561025,2785,49892,67323,4.1208513307806305,2.7498643028120595,5.141051709721058,5.141051709721058,21.18550977961606,131.45777604462592,0.03890439458604491,0.4704358968586686,0.4906597085552865,False,True,True
224,submap_022,batch_225_window_232-236,batch_224_window_231-235,accepted,needs_review,fusion_conflict_ratio_too_high,0.012149854388234318,0.06189963033891691,0.5465134217834002,0.04784882863399966,0.01773243688054201,0.19874867017345166,0.006508333333333333,0.460125,0.5333666666666667,781,55215,64004,3.5421608730827066,2.5819763167059215,4.603100380802527,4.603100380802527,16.304922063750816,47.899646312098795,0.22291040361871492,0.6194838417839376,0.15760575459734757,False,False,False
225,submap_022,batch_226_window_233-237,batch_225_window_232-236,accepted,needs_review,fusion_conflict_ratio_too_high,0.020954618418452604,0.05437929264962957,0.6790486370924639,0.04907841919146745,0.025739390001525957,0.2885670350298134,0.005166666666666667,0.42385,0.5709833333333333,620,50862,68518,0.528393518429354,0.6925895966144213,0.3745457900508926,0.6925895966144213,0.1979075678178933,3132.7756024494197,0.732250106618729,0.2521627064109335,0.015587186970337435,False,False,False
226,submap_022,batch_227_window_234-238,batch_226_window_233-237,accepted,needs_review,fusion_conflict_ratio_too_high,0.017901209844542167,0.04383388269656844,0.58605054987459,0.04866863854813256,0.06180047103294551,0.7381764294878085,0.034675,0.362225,0.6031,4161,43467,72372,3.0711395354833977,1.2293691377842264,2.4687660481475273,3.0711395354833977,7.58192501432498,548.8052166354028,0.9567787424128136,0.01980904164315549,0.023412215944030916,False,False,False
227,submap_022,batch_228_window_235-239,batch_227_window_234-238,accepted,needs_review,fusion_conflict_ratio_too_high,0.010563600460083165,0.03716090405141366,0.6149181905678537,0.048540421833419896,0.021623104972609303,0.38397851706856156,0.021541666666666667,0.12139166666666666,0.8570666666666666,2585,14567,102848,0.8707965671701348,0.75732056877638,1.6801391055301145,1.6801391055301145,1.4630593654639246,1766.845598353637,0.9505406746167294,0.028500278397214147,0.020959046986056423,False,False,False
228,submap_022,batch_229_window_236-240,batch_228_window_235-239,accepted,needs_review,fusion_conflict_ratio_too_high,0.009781677883713912,0.028159935913981544,0.6572865525086816,0.04742939996652729,0.07350731432158994,1.094326772328699,0.01649166666666667,0.006483333333333333,0.977025,1979,778,117243,0.03423604223149934,0.7594838918468608,0.0955169524160756,0.7594838918468608,0.0032701224167408774,605176.1211962037,0.9741015515309807,0.025583732223851154,0.00031471624516832026,False,False,False
229,submap_022,batch_230_window_237-241,batch_229_window_236-240,needs_review,needs_review,"shared_p90_error_too_high, fusion_conflict_ratio_too_high",0.05615687213666967,0.1856902342150125,0.5854251012145749,0.04604953673303961,0.12381534037863827,2.956108211653377,0.0028166666666666665,0.180875,0.8163083333333333,338,21705,97957,0.8494473678676047,0.2987874210020005,2.0979013769455044,2.0979013769455044,1.7820568026921821,189.66847717164677,0.958167862679445,0.02319178543280624,0.018640351887748752,False,False,False
230,submap_022,batch_231_window_238-242,batch_230_window_237-241,accepted,needs_review,fusion_conflict_ratio_too_high,0.008984434227395869,0.013207318103686643,0.5133951571354972,0.047960508861577274,0.015477668791825723,0.572386139493563,0.024408333333333334,0.44133333333333336,0.5342583333333333,2929,52960,64111,2.278289119757778,1.7988578744597568,2.5476929825932233,2.5476929825932233,5.8043812027253825,504.6188211457788,0.9714157848422212,0.012184737979530702,0.01639947717824816,False,False,False
231,submap_023,batch_232_window_239-243,batch_231_window_238-242,accepted,needs_review,fusion_conflict_ratio_too_high,0.017367322794086277,0.028067562123658553,0.6374234916933839,0.04871602738519819,0.0497650313710126,0.5834487302628291,0.0,0.567175,0.432825,0,68061,51939,0.0,0.0,0.0,0.0,0.0,0.0,0.0,0.0,0.0,False,False,False
232,submap_023,batch_233_window_240-244,batch_232_window_239-243,needs_review,needs_review,"shared_p90_error_too_high, fusion_conflict_ratio_too_high",0.03825931156291594,0.12347361919645249,0.7167429094236047,0.04707956097382474,0.08503659942635514,1.6189006215384885,0.00040833333333333336,0.5311083333333333,0.4684833333333333,49,63733,56218,1.2043277471365355,0.4865801634951233,0.8022255189541485,1.2043277471365355,0.9661424519374877,50.71715863611637,0.9604629733933336,0.02039277999374701,0.019144246612919316,False,False,False
233,submap_023,batch_234_window_241-245,batch_233_window_240-244,accepted,needs_review,fusion_conflict_ratio_too_high,0.033067333321224426,0.0583217461674197,0.6944816302246021,0.04702791509209548,0.03451535402246751,0.578037382846818,0.00019166666666666667,0.48878333333333335,0.511025,23,58654,61323,2.7372781169485254,0.9116284120694199,0.9429415922229534,2.7372781169485254,2.58109338595249,8.910952282926566,0.992458599438641,0.005219459296380098,0.0023219412649789543,False,False,False
234,submap_023,batch_235_window_242-246,batch_234_window_241-245,accepted,needs_review,fusion_conflict_ratio_too_high,0.0423974737337756,0.10000760297321304,0.6689098250336474,0.04658112730245584,0.018198232581584362,0.10040710222694951,0.0012666666666666666,0.4963666666666667,0.5023666666666666,152,59564,60284,3.9133431236242844,1.190249452915829,2.206471710201905,3.9133431236242844,8.63468089459014,17.60342991890205,0.9286493147662604,0.057640295550881,0.013710389682858577,False,False,False
235,submap_023,batch_236_window_243-247,batch_235_window_242-246,accepted,needs_review,fusion_conflict_ratio_too_high,0.007739161024696669,0.026867834624336465,0.8210768908443327,0.044875780562278554,0.020042050198918197,0.3244537144277695,0.0,0.48599166666666666,0.5140083333333333,0,58319,61681,0.0,0.0,0.0,0.0,0.0,0.0,0.0,0.0,0.0,False,False,False
236,submap_023,batch_237_window_244-248,batch_236_window_243-247,accepted,needs_review,fusion_conflict_ratio_too_high,0.014384795249379675,0.026437530417969896,0.8327023189777567,0.0441862877445955,0.005247882022914965,0.21346225769472113,8.333333333333334e-06,0.5237,0.47629166666666667,1,62844,57155,0.0,0.0,0.0,0.0,0.0,0.0,0.0,0.0,0.0,False,False,False
237,submap_023,batch_238_window_245-249,batch_237_window_244-248,accepted,accepted,,0.009064347081993437,0.023583051072529053,0.8564028776978417,0.04326997640533154,0.00272157533829597,0.124829746310541,0.0,0.7090333333333333,0.29096666666666665,0,85084,34916,0.0,0.0,0.0,0.0,0.0,0.0,0.0,0.0,0.0,False,False,False
238,submap_023,batch_239_window_246-250,batch_238_window_245-249,accepted,needs_review,fusion_conflict_ratio_too_high,0.027800010945996993,0.06383367346420611,0.7383798140770252,0.04579444684170001,0.02314997057586192,0.6296104982674094,0.00021666666666666666,0.554275,0.44550833333333334,26,66513,53461,1.0353704098025407,1.4833862880375108,7.579436635708142,7.579436635708142,7.8475244155855295,3.313146748337967,0.9908329077413796,0.007327655052008713,0.0018394372066117242,False,False,False
239,submap_023,batch_240_window_247-251,batch_239_window_246-250,accepted,needs_review,fusion_conflict_ratio_too_high,0.006707583194289369,0.018555329905225324,0.4839594187003016,0.04473773470094243,0.011596868184195863,0.32821609101540117,0.12833333333333333,0.3127083333333333,0.5589583333333333,15400,37525,67075,2.643594266765577,1.683954586406292,5.435752009724784,5.435752009724784,14.369922848467901,1071.6828588708759,0.9384571111585494,0.03103471219667487,0.030508176644775842,False,False,False
240,submap_023,batch_241_window_248-252,batch_240_window_247-251,accepted,needs_review,fusion_conflict_ratio_too_high,0.027893753963130194,0.09074922175328812,0.5111655773420479,0.0484525156103891,0.07196565777979981,0.9854313578298298,0.06573333333333334,0.16015833333333335,0.7741083333333333,7888,19219,92893,1.5623529319806655,1.2636541655245903,2.5948959752388028,2.5948959752388028,4.054143335099172,1945.6638179782176,0.7823516239846676,0.17433039906154374,0.04331797695378865,False,False,False
241,submap_024,batch_242_window_249-253,batch_241_window_248-252,accepted,needs_review,fusion_conflict_ratio_too_high,0.009998985145104361,0.027338924895123025,0.4465514036066183,0.04796998450192623,0.012136187766355366,0.4995869946102055,0.021025,0.33000833333333335,0.6489666666666667,2523,39601,77876,2.2185232658023533,1.5596452449138687,3.8879625730691654,3.8879625730691654,8.625535424922726,292.5035810194476,0.6502145923373082,0.1504022800628636,0.1993831275998283,False,False,False
243,submap_024,batch_244_window_251-255,batch_243_window_250-254,needs_review,needs_review,"icp_fitness_too_low, fusion_conflict_ratio_too_high",0.03542250516477553,0.06650409543679038,0.2807117600091251,0.048453436823703906,0.06555224000835491,0.7084454782885774,0.075975,0.35004166666666664,0.5739833333333333,9117,42005,68878,2.656462730456405,1.843949170114463,4.347798200164817,4.347798200164817,11.549763878283274,789.3667867221478,0.5106081827603512,0.13020237662560905,0.35918944061403973,False,False,False
244,submap_024,batch_245_window_252-256,batch_244_window_251-255,accepted,needs_review,fusion_conflict_ratio_too_high,0.010547532097369462,0.05552495324876417,0.43486114247008356,0.04601297729164837,0.05677899333019642,1.232803594744674,0.013133333333333334,0.5688666666666666,0.418,1576,68264,50160,2.685684849877967,1.8955131492992146,4.032497334815053,4.032497334815053,10.830016999286068,145.52147056684143,0.40668454649977553,0.4682743496433892,0.12504110385683528,False,False,False
245,submap_024,batch_246_window_253-257,batch_245_window_252-256,needs_review,needs_review,"shared_p90_error_too_high, fusion_conflict_ratio_too_high",0.050926108234164935,0.1596220775153791,0.4157412661100754,0.04847624568288295,0.14758760484858144,2.017559733415568,0.005075,0.5317916666666667,0.46313333333333334,609,63815,55576,2.4170208578095993,1.5198748743054458,5.204350219406561,5.204350219406561,12.579023031651623,48.41393472828696,0.8308782639322888,0.15805459734322003,0.011067138724491214,False,False,False
246,submap_024,batch_247_window_254-258,batch_246_window_253-257,accepted,needs_review,fusion_conflict_ratio_too_high,0.02582419698255002,0.10600157030520262,0.47364429275692077,0.047927056395413066,0.05938617673744898,0.6442649953808157,0.006033333333333333,0.46465,0.5293166666666667,724,55758,63518,2.1248204422924606,1.7290492342750117,6.0796046792014735,6.0796046792014735,12.918068303424189,56.045531188907674,0.8946983274081893,0.07711513854922075,0.02818653404258987,False,False,False
247,submap_024,batch_248_window_255-259,batch_247_window_254-258,accepted,needs_review,fusion_conflict_ratio_too_high,0.029188697641967763,0.10098104422485912,0.5698143664245359,0.04665019309050444,0.06517590284224206,0.4272320823728219,0.004633333333333333,0.4384416666666667,0.556925,556,52613,66831,2.3386998940544395,1.786205581706878,5.379744326053217,5.379744326053217,12.58160748538063,44.19149148040517,0.7784282699330689,0.18007359657535169,0.041498133491579395,False,False,False
248,submap_024,batch_249_window_256-260,batch_248_window_255-259,accepted,needs_review,fusion_conflict_ratio_too_high,0.030856684532363624,0.06041527437921176,0.5733855185909981,0.044460284781283166,0.042065080840622625,0.4624286128390026,0.006483333333333333,0.4448916666666667,0.548625,778,53387,65835,1.5064589361166045,1.2881619145744752,2.1059304501214022,2.1059304501214022,3.1724977454254497,245.2326407865314,0.48354273178768187,0.37037938124759623,0.14607788696472193,False,False,False
249,submap_024,batch_250_window_257-261,batch_249_window_256-260,accepted,needs_review,fusion_conflict_ratio_too_high,0.015210480206423734,0.03138933437186805,0.5791521605570346,0.043726654911971134,0.014656045293597833,0.33668740000479097,0.0057,0.5379333333333334,0.45636666666666664,684,64552,54764,2.28315672270874,0.8530264940683675,5.184601549972806,5.184601549972806,11.837257883386565,57.7836528306091,0.8690912837943499,0.10829223754326878,0.022616478662381374,False,False,False
250,submap_024,batch_251_window_258-262,batch_250_window_257-261,accepted,needs_review,fusion_conflict_ratio_too_high,0.008103840024645127,0.02366682473054255,0.6389925373134329,0.04344009311035315,0.011719003127995425,0.18544097488859562,0.0067083333333333335,0.603125,0.39016666666666666,805,72375,46820,2.23417414365152,0.8162139441845107,4.313251048667598,4.313251048667598,9.63655396801095,83.53608589462996,0.32313751025199106,0.6522291178778048,0.024633371870204236,False,False,False
251,submap_025,batch_252_window_259-263,batch_251_window_258-262,accepted,needs_review,fusion_conflict_ratio_too_high,0.016728158796325193,0.030534668763883648,0.6138703036541431,0.04495522500983319,0.021338995525782826,0.26331323234838583,0.0029833333333333335,0.49430833333333335,0.5027083333333333,358,59317,60325,2.3510536810761478,0.8389266814566697,3.35487232144543,3.35487232144543,7.88748492087476,45.388359355531556,0.8109759241025566,0.16894580699152567,0.020078268905917688,False,False,False
252,submap_025,batch_253_window_260-264,batch_252_window_259-263,accepted,needs_review,fusion_conflict_ratio_too_high,0.011257032072357462,0.022105548088198836,0.7005119453924915,0.043825436938268666,0.028458449186120303,0.36760172895009735,0.0023583333333333334,0.49351666666666666,0.504125,283,59222,60495,2.110086244028269,1.370301870080768,2.453311928378433,2.453311928378433,5.176699752381798,54.66803437263129,0.5052240498587647,0.4310786189679107,0.06369733117332461,False,False,False
253,submap_025,batch_254_window_261-265,batch_253_window_260-264,accepted,needs_review,fusion_conflict_ratio_too_high,0.014892429611950411,0.056336856320310456,0.7302413629910081,0.0425075365683348,0.0732930960760898,1.064388218206271,0.0038833333333333333,0.6895833333333333,0.3065333333333333,466,82750,36784,1.9569366393073684,0.812816106396254,2.7072110378667666,2.7072110378667666,5.297840470338803,87.96036849524062,0.7369638838392958,0.21742751222116852,0.04560860393953582,False,False,False
254,submap_025,batch_255_window_262-266,batch_254_window_261-265,accepted,needs_review,fusion_conflict_ratio_too_high,0.01754868116857069,0.04548774678878023,0.4246293849992661,0.04391228675213228,0.016513554704786923,0.4928853969062356,0.019216666666666667,0.3954166666666667,0.5853666666666667,2306,47450,70244,3.878906413706381,3.0094244504011796,6.949141379850872,6.949141379850872,26.955069068055955,85.54977151710607,0.8251278258920978,0.12058534950597752,0.05428682460192474,False,True,True
255,submap_025,batch_256_window_263-267,batch_255_window_262-266,accepted,needs_review,fusion_conflict_ratio_too_high,0.01420564315594157,0.038148362446411975,0.40706221110858526,0.04433797052247806,0.03687352423857878,0.4808945017133589,0.020658333333333334,0.4575916666666667,0.52175,2479,54911,62610,4.25597053457171,2.841483522959368,7.383935596773446,7.383935596773446,31.425812329042962,78.88419793396938,0.9284901314712586,0.025840450646937987,0.045669417881803495,False,False,False
256,submap_025,batch_257_window_264-268,batch_256_window_263-267,accepted,needs_review,fusion_conflict_ratio_too_high,0.010563874869143019,0.03261805159328957,0.44617962466487937,0.04530179823858485,0.021539427715638784,0.15460558854862363,0.005866666666666667,0.45295833333333335,0.541175,704,54355,64941,4.719568146479314,1.7776024126043029,6.511808140424611,6.511808140424611,30.732922275532687,22.907030893071745,0.8881551980770869,0.09139801798036098,0.02044678394255214,False,False,False
257,submap_025,batch_258_window_265-269,batch_257_window_264-268,accepted,needs_review,fusion_conflict_ratio_too_high,0.02308135521914858,0.05623004727939894,0.45445939549665293,0.0452039253132353,0.01721750428640501,0.19415383100787606,0.010083333333333333,0.44498333333333334,0.5449333333333334,1210,53398,65392,3.43136581873308,2.7691558774162033,5.882136159975758,5.882136159975758,20.18376096047467,59.94918401825662,0.9197819408635917,0.05004998706919991,0.030168072067208465,False,False,False
258,submap_025,batch_259_window_266-270,batch_258_window_265-269,needs_review,needs_review,"shared_p90_error_too_high, fusion_conflict_ratio_too_high",0.04723275619900706,0.3064269357779675,0.4573367980060455,0.046892544057726165,0.14614066384485996,0.5344121430368594,0.014633333333333333,0.4152666666666667,0.5701,1756,49832,68412,4.393260618986491,2.7060026525666006,6.663364575669373,6.663364575669373,29.27389718023789,59.98518028496164,0.6344588672606875,0.2923051875598177,0.07323594517949489,False,False,False
260,submap_025,batch_261_window_268-272,batch_260_window_267-271,needs_review,needs_review,"shared_p90_error_too_high, fusion_conflict_ratio_too_high",0.024467214199800136,0.1578099683938213,0.44907180575970385,0.04926162937455904,0.11264372287040691,0.9613238785188549,0.010433333333333333,0.35176666666666667,0.6378,1252,42212,76536,4.3481862720663935,2.449443013747759,6.116374893005953,6.116374893005953,26.595137344580042,47.07627502646274,0.6446671195257765,0.3082630296174361,0.047069850856787394,False,False,False
261,submap_026,batch_262_window_269-273,batch_261_window_268-272,needs_review,needs_review,"shared_p90_error_too_high, fusion_conflict_ratio_too_high",0.013268132813941564,0.1529190623687726,0.3700098379329985,0.04935872488707732,0.13460474673284203,2.347468971124421,0.07825,0.44800833333333334,0.47374166666666667,9390,53761,56849,5.095933582468302,2.4183944724872055,5.664218820733524,5.664218820733524,28.864482907024964,325.3132935118226,0.6643785480903736,0.2641353661750281,0.07148608573459844,False,False,False
262,submap_026,batch_263_window_270-274,batch_262_window_269-273,accepted,needs_review,fusion_conflict_ratio_too_high,0.016840419772942216,0.11991554598541929,0.4998401534526854,0.045518189804759364,0.030898359889724735,0.5898739298954017,0.008533333333333334,0.2860416666666667,0.705425,1024,34325,84651,3.343744416861424,2.206464119853907,5.65986054466054,5.65986054466054,18.92512709642294,54.10795894699948,0.8685041816785279,0.11857114546817805,0.012924672853294126,False,False,False
263,submap_026,batch_264_window_271-275,batch_263_window_270-274,needs_review,needs_review,"shared_p90_error_too_high, fusion_conflict_ratio_too_high",0.0344746891862986,0.17658791039372004,0.5359312086262199,0.04317044869819937,0.046556354902074444,0.643948528922929,0.012591666666666666,0.30289166666666667,0.6845166666666667,1511,36347,82142,0.11203114866073394,0.10967699180647289,0.2675954538933192,0.2675954538933192,0.029979026076059016,50401.90419016551,0.6812417399379326,0.2607767618865862,0.05798149817548125,False,False,False
264,submap_026,batch_265_window_272-276,batch_264_window_271-275,accepted,needs_review,fusion_conflict_ratio_too_high,0.025401839731231918,0.09620810154429854,0.4659221547052061,0.04472589382034997,0.06476803295609365,0.7277455623161899,0.0,0.629725,0.370275,0,75567,44433,0.0,0.0,0.0,0.0,0.0,0.0,0.0,0.0,0.0,False,False,False
265,submap_026,batch_266_window_273-277,batch_265_window_272-276,accepted,needs_review,fusion_conflict_ratio_too_high,0.010686171073363743,0.04245462804706598,0.5142483970553313,0.04297556284599243,0.084157392130226,1.6063019976798925,0.0,0.4691916666666667,0.5308083333333333,0,56303,63697,0.0,0.0,0.0,0.0,0.0,0.0,0.0,0.0,0.0,False,False,False
266,submap_026,batch_267_window_274-278,batch_266_window_273-277,needs_review,needs_review,"icp_fitness_too_low, fusion_conflict_ratio_too_high",0.027209556460799533,0.0597841425249188,0.34599890130012817,0.04367394413668279,0.0536101640934825,0.6261841894255725,0.019375,0.21559166666666665,0.7650333333333333,2325,25871,91804,1.9646696500766854,1.4444568217641072,1.5797236638022631,1.9646696500766854,3.103635137780252,749.1215612615023,0.37298999814772893,0.49193491359800284,0.13507508825426826,False,False,False
267,submap_026,batch_268_window_275-279,batch_267_window_274-278,accepted,needs_review,fusion_conflict_ratio_too_high,0.028093287980756523,0.06129223836006384,0.5397796817625459,0.042959755356790454,0.08149528071535482,3.248053649674506,0.032075,0.40415,0.563775,3849,48498,67653,1.5936805017278846,0.9783505642099151,1.1502950256269706,1.5936805017278846,1.8332027535762803,2099.60409043202,0.5430031497969917,0.33608815852195223,0.120908691681056,False,False,False
268,submap_026,batch_269_window_276-280,batch_268_window_275-279,needs_review,needs_review,"shared_p90_error_too_high, fusion_conflict_ratio_too_high",0.030502793295560146,0.2624831937269107,0.48656798245614036,0.04195674791224391,0.0831341821263575,3.4654886878823654,0.09123333333333333,0.3707666666666667,0.538,10948,44492,64560,1.9631527523465153,0.8231340535513711,1.3318892854472029,1.9631527523465153,2.61470211654651,4187.092644595432,0.494014604966729,0.32155350174877617,0.18443189328449486,False,False,False
269,submap_026,batch_270_window_277-281,batch_269_window_276-280,accepted,needs_review,fusion_conflict_ratio_too_high,0.010352289469238716,0.021472036106715327,0.6344673454184256,0.04288498906437036,0.05545267722823821,1.2338949720077788,0.0016916666666666666,0.44821666666666665,0.5500916666666666,203,53786,66011,0.8121624224149556,0.4902575495679746,0.42445045464325615,0.8121624224149556,0.34472270943819616,588.8791032387583,0.8486534282070972,0.14883179914602687,0.002514772646875917,False,False,False
270,submap_026,batch_271_window_278-282,batch_270_window_277-281,accepted,needs_review,fusion_conflict_ratio_too_high,0.0029633266089566196,0.010476817354001444,0.6196291270918136,0.04277079056217321,0.010977351106458345,0.23738556407027914,0.0,0.449,0.551,0,53880,66120,0.0,0.0,0.0,0.0,0.0,0.0,0.0,0.0,0.0,False,False,False
271,submap_027,batch_272_window_279-283,batch_271_window_278-282,accepted,needs_review,fusion_conflict_ratio_too_high,0.00857306677329866,0.01594828879972421,0.6614236203679019,0.042014954497463695,0.031679088853027906,0.872193292491972,0.007891666666666667,0.372125,0.6199833333333333,947,44655,74398,1.586246085628198,0.8046498282094356,1.1610402518119591,1.586246085628198,1.8416955546934974,514.2000791534753,0.9109889379875032,0.05286760699173506,0.03614345502076176,False,False,False
272,submap_027,batch_273_window_280-284,batch_272_window_279-283,accepted,needs_review,fusion_conflict_ratio_too_high,0.004786491843684115,0.010720416077346313,0.4400092560453546,0.04760046218933361,0.03954897442266649,1.5875286174304035,0.018425,0.18976666666666667,0.7918083333333333,2211,22772,95017,8.941723260004105,2.9430800476731283,6.103856042452309,8.941723260004105,54.57899155051241,40.51009256837839,0.9238953009515789,0.0363824915107136,0.039722207537707485,False,True,True
273,submap_027,batch_274_window_281-285,batch_273_window_280-284,accepted,needs_review,fusion_conflict_ratio_too_high,0.014656972708033095,0.02551083712737919,0.40407078408057634,0.04935486480609958,0.025602876003737493,0.6836679500727827,0.22065833333333335,0.026308333333333333,0.7530333333333333,26479,3157,90364,9.751550497489683,3.2030101273928437,7.783882150460208,9.751550497489683,75.9049198567213,348.8443179965404,0.9764985181637401,0.005612340573966605,0.01788914126229331,True,False,True
274,submap_027,batch_275_window_282-286,batch_274_window_281-285,accepted,needs_review,fusion_conflict_ratio_too_high,0.009387440316445336,0.02306115543474811,0.5067683508102955,0.04881315606106155,0.04081935246755275,0.9301861864995413,0.024383333333333333,0.252325,0.7232916666666667,2926,30279,86795,9.922367591846752,3.22767092297141,6.495605577557741,9.922367591846752,64.45178627217793,45.39827628118159,0.9233198085063182,0.05575858726970564,0.02092160422397617,False,True,True
275,submap_027,batch_276_window_283-287,batch_275_window_282-286,accepted,needs_review,fusion_conflict_ratio_too_high,0.014709379693650906,0.032697937842259175,0.5611629530883007,0.04857209951561727,0.05364201483020562,0.8144565386786917,0.013625,0.23721666666666666,0.7491583333333334,1635,28466,89899,9.909816104429531,3.269062088678941,6.596950143661287,9.909816104429531,65.37456277377333,25.00972749382458,0.9092476013741656,0.07471045669690078,0.01604194192893361,False,False,False
276,submap_027,batch_277_window_284-288,batch_276_window_283-287,accepted,needs_review,fusion_conflict_ratio_too_high,0.015072289684339534,0.06894106938788233,0.47248894163340166,0.04830487833787356,0.027735441509241815,0.6330343754135106,0.006158333333333333,0.3267083333333333,0.6671333333333334,739,39205,80056,9.108397638542673,3.3391827102552947,6.439966667287344,9.108397638542673,58.65777718461357,12.598499900092463,0.9535925879947778,0.03758017452350476,0.008827237481717477,False,False,False
277,submap_027,batch_278_window_285-289,batch_277_window_284-288,accepted,needs_review,fusion_conflict_ratio_too_high,0.014191720327265454,0.058576516942324505,0.6086901283191463,0.04861008516250507,0.0520981782741374,0.8690615163113367,0.001125,0.266525,0.73235,135,31983,87882,5.17857890571144,3.01572475907924,2.1229377478892832,5.17857890571144,10.993800639357993,12.27964781503293,0.8068432218288663,0.07127064045192863,0.12188613771920519,False,False,False
278,submap_027,batch_279_window_286-290,batch_278_window_285-289,accepted,needs_review,fusion_conflict_ratio_too_high,0.011992001027123963,0.03259687546878431,0.6530542793942488,0.04870574282876547,0.02690259648397518,0.34235943179841744,9.166666666666667e-05,0.4054333333333333,0.594475,11,48652,71337,1.4493117986928405,0.6433547803833184,1.7499001290887133,1.7499001290887133,2.536150903622397,4.33728134405908,0.6528498808834164,0.32981051081922785,0.017339608297355688,False,False,False
279,submap_027,batch_280_window_287-291,batch_279_window_286-290,accepted,needs_review,fusion_conflict_ratio_too_high,0.015162205169832032,0.035130628073014515,0.5827293860248872,0.04961675461355738,0.041287736513935906,1.107280790612789,0.008691666666666667,0.312575,0.6787333333333333,1043,37509,81448,10.041724227121511,3.2648317844125065,6.924497196248061,10.041724227121511,69.53389125619913,14.999879643684027,0.8871337363007645,0.07088394288390998,0.04198232081532546,False,False,False
280,submap_027,batch_281_window_288-292,batch_280_window_287-291,needs_review,needs_review,"shared_median_error_too_high, shared_p90_error_too_high, fusion_conflict_ratio_too_high",0.07149016016056563,0.14790928287686644,0.40054005400540055,0.048497510666564554,0.0930267250830733,1.824193972704551,0.17549166666666666,0.068025,0.7564833333333333,21059,8163,90778,5.089550706908858,1.5566482463137878,2.601200093383237,5.089550706908858,13.23893977409004,1590.6862905453063,0.8072570225715128,0.18987999873867514,0.002862978689812048,False,False,False
281,submap_028,batch_282_window_289-293,batch_281_window_288-292,needs_review,needs_review,"shared_median_error_too_high, shared_p90_error_too_high, fusion_conflict_ratio_too_high",0.09174135738199073,0.22175920140378386,0.36245381773399016,0.0488559985609739,0.024658477502407933,0.37420785305235377,0.55835,0.0281,0.41355,67002,3372,49626,2.189953391961633,1.7226116389771013,5.24002572171752,5.24002572171752,11.475412103241487,5838.7445607355385,0.8919613608132693,0.10599307767917572,0.0020455615075550453,False,False,False
282,submap_028,batch_283_window_290-294,batch_282_window_289-293,needs_review,needs_review,"shared_median_error_too_high, shared_p90_error_too_high, fusion_conflict_ratio_too_high",0.14287555076132533,0.43829970019183767,0.45002446782481037,0.04764793670457942,0.0886808206059315,0.6828291564208959,0.007333333333333333,0.540125,0.4525416666666667,880,64815,54305,1.5655236800062582,1.6564226107094377,3.808052709715088,3.808052709715088,5.961596691770968,147.61146140843434,0.8832616639118729,0.1152116282008027,0.0015267078873243273,False,False,False
289,submap_028,batch_290_window_297-301,batch_289_window_296-300,needs_review,needs_review,"shared_median_error_too_high, shared_p90_error_too_high, icp_fitness_too_low, fusion_conflict_ratio_too_high",0.09606208102860436,0.3668328529284914,0.13868695407156945,0.05274253777959063,0.1251319625566982,2.195603145545919,0.14380833333333334,0.09603333333333333,0.7601583333333334,17257,11524,91219,10.781279062971134,5.935576842991918,14.509011016645792,14.509011016645792,156.4256966981808,110.32074885558555,0.7395473690187018,0.22618332196346908,0.03426930901782902,True,False,True
