step,actual_submap,source_id,target_id,pose_status,fusion_status,reasons,committed_fusion,scale_quarantined,target_transform_quality,target_provisional_chain,shared_p90_error,icp_fitness,icp_translation_delta,icp_rotation_delta_deg
1,submap_000,batch_002_window_009-013,batch_001_baseline_004-012,needs_review,needs_review,shared_median_error_too_high;shared_p90_error_too_high;fusion_conflict_ratio_too_high,True,False,fused,0,0.4204944233921451,0.43275689581249105,0.07571006797214769,0.4848694868329416
2,submap_000,batch_003_window_010-014,batch_002_window_009-013,accepted,needs_review,fusion_conflict_ratio_too_high,True,False,fused,0,0.01916417616516846,0.3999011369253584,0.03786511283959834,0.0836251035962361
3,submap_000,batch_004_window_011-015,batch_003_window_010-014,accepted,needs_review,fusion_conflict_ratio_too_high,True,False,fused,0,0.016417413198783388,0.4482904178978472,0.013443759803504835,0.05660064770292597
4,submap_000,batch_005_window_012-016,batch_004_window_011-015,needs_review,needs_review,shared_p90_error_too_high;fusion_conflict_ratio_too_high,True,False,fused,0,0.15218485971260515,0.41159609120521173,0.08769274191161246,0.15509494069905233
5,submap_000,batch_006_window_013-017,batch_005_window_012-016,accepted,needs_review,fusion_conflict_ratio_too_high,True,False,fused,0,0.028719405100800253,0.36534229120815476,0.01341472208066533,0.3510886750086529
6,submap_000,batch_007_window_014-018,batch_006_window_013-017,accepted,needs_review,fusion_conflict_ratio_too_high,True,False,fused,0,0.02618233552946058,0.4158927941695075,0.07338252173008668,0.4032986240089521
7,submap_000,batch_008_window_015-019,batch_007_window_014-018,rejected,rejected,icp_translation_delta_too_large;icp_rejected_by_boundary,False,False,fused,0,0.06769941456720054,0.41206791995148573,0.15399827560302928,1.1276051216462863
8,submap_000,batch_009_window_016-020,batch_008_window_015-019,rejected,rejected,icp_translation_delta_too_large;icp_rejected_by_boundary,False,False,provisional,1,0.024496003787794884,0.4760586769997232,0.2070904375312265,1.7005688218438508
9,submap_000,batch_010_window_017-021,batch_009_window_016-020,rejected,rejected,icp_translation_delta_too_large;icp_rejected_by_boundary,False,False,provisional,2,0.04786864263135404,0.4836836283185841,0.27208675135078886,4.138439900142105
10,submap_000,batch_011_window_018-022,batch_010_window_017-021,rejected,rejected,icp_fitness_too_low;icp_translation_delta_too_large;icp_rejected_by_boundary,False,False,provisional,3,0.03092389668281782,0.26407482119933984,0.16349162785119264,1.1977643630627788
11,submap_001,batch_012_window_019-023,batch_011_window_018-022,rejected,rejected,icp_fitness_too_low;icp_translation_delta_too_large;icp_rejected_by_boundary,False,False,provisional,4,0.013214405690148546,0.24036643885415152,0.17576479926232452,0.8005540413522813
12,submap_001,batch_013_window_020-024,batch_012_window_019-023,rejected,rejected,icp_fitness_too_low;icp_translation_delta_too_large;icp_rejected_by_boundary,False,False,provisional,5,0.02944461945285974,0.14070294784580498,0.19683208116328338,2.212008803811784
13,submap_001,batch_014_window_021-025,batch_013_window_020-024,rejected,rejected,icp_fitness_too_low;icp_translation_delta_too_large;icp_rejected_by_boundary,False,False,provisional,6,0.04051573232914181,0.1255745925616381,0.2355516297145901,2.810482591103526
14,submap_001,batch_015_window_022-026,batch_014_window_021-025,rejected,rejected,icp_fitness_too_low;icp_translation_delta_too_large;icp_rotation_delta_too_large;icp_rejected_by_boundary,False,False,provisional,7,0.10999122563642869,0.09982265011401065,0.5762309883433688,8.369333204579231
15,submap_001,batch_016_window_023-027,batch_015_window_022-026,rejected,rejected,icp_fitness_too_low;icp_translation_delta_too_large;icp_rotation_delta_too_large;icp_rejected_by_boundary,False,False,provisional,8,0.059359883410983666,0.08399323783254738,0.7741875372731176,10.718651649827615
16,submap_001,batch_017_window_024-028,batch_016_window_023-027,rejected,rejected,icp_fitness_too_low;icp_translation_delta_too_large;icp_rotation_delta_too_large;icp_rejected_by_boundary,False,False,provisional,9,0.08650758823313683,0.07510484178421654,0.8548478208069145,18.03277259736463
17,submap_001,batch_018_window_025-029,batch_017_window_024-028,rejected,rejected,shared_p90_error_too_high;icp_fitness_too_low;icp_translation_delta_too_large;icp_rotation_delta_too_large;icp_rejected_by_boundary,False,False,provisional,10,0.12829174547694905,0.059483540961966834,1.5853303682907405,32.92528765440143
18,submap_001,batch_019_window_026-030,batch_018_window_025-029,rejected,rejected,shared_p90_error_too_high;icp_fitness_too_low;icp_translation_delta_too_large;icp_rotation_delta_too_large;icp_rejected_by_boundary,False,False,provisional,11,0.18763495645419698,0.08510028653295129,1.9874711013559527,28.375013878960893
19,submap_001,batch_020_window_027-031,batch_019_window_026-030,rejected,rejected,icp_fitness_too_low;icp_translation_delta_too_large;icp_rotation_delta_too_large;icp_rejected_by_boundary,False,False,provisional,12,0.06771149873082483,0.0779646673013858,1.5395881492516752,27.126520391616385
20,submap_001,batch_021_window_028-032,batch_020_window_027-031,rejected,rejected,icp_fitness_too_low;icp_translation_delta_too_large;icp_rotation_delta_too_large;icp_rejected_by_boundary,False,False,provisional,13,0.11097315533314739,0.0768775872264932,1.2550801461924772,21.331085473988857
21,submap_002,batch_022_window_029-033,batch_021_window_028-032,rejected,rejected,icp_fitness_too_low;icp_translation_delta_too_large;icp_rejected_by_boundary,False,False,provisional,14,0.03496546182603938,0.05460133791357801,0.3020506580806151,4.737369021138412
22,submap_002,batch_023_window_030-034,batch_022_window_029-033,rejected,rejected,icp_fitness_too_low;icp_translation_delta_too_large;icp_rotation_delta_too_large;icp_rejected_by_boundary,False,False,provisional,15,0.01323805350892834,0.11524464213505864,0.5970061442471195,24.734160731612292
23,submap_002,batch_024_window_031-035,batch_023_window_030-034,rejected,rejected,icp_fitness_too_low;icp_translation_delta_too_large;icp_rotation_delta_too_large;icp_rejected_by_boundary,False,False,provisional,16,0.04725662914337429,0.13900634249471458,0.5088250903245275,15.067348228668
24,submap_002,batch_025_window_032-036,batch_024_window_031-035,rejected,rejected,icp_fitness_too_low;icp_translation_delta_too_large;icp_rotation_delta_too_large;icp_rejected_by_boundary,False,False,provisional,17,0.012611644429341578,0.17790368271954674,0.511735733180324,15.946981626528236
25,submap_002,batch_026_window_033-037,batch_025_window_032-036,rejected,rejected,icp_fitness_too_low;icp_translation_delta_too_large;icp_rotation_delta_too_large;icp_rejected_by_boundary,False,False,provisional,18,0.049435839295952126,0.203727127076482,0.3686312730730787,6.21368848309084
26,submap_002,batch_027_window_034-038,batch_026_window_033-037,needs_review,needs_review,icp_fitness_too_low;fusion_conflict_ratio_too_high,True,False,provisional,19,0.025600956604254904,0.3119318725480815,0.13517047501763604,1.5717911459691798
27,submap_002,batch_028_window_035-039,batch_027_window_034-038,rejected,rejected,shared_p90_error_too_high;icp_translation_delta_too_large;icp_rejected_by_boundary,False,False,fused,0,0.20023122180680072,0.579965457685665,0.2570635036653492,3.993234427428555
28,submap_002,batch_029_window_036-040,batch_028_window_035-039,rejected,rejected,icp_translation_delta_too_large;icp_rejected_by_boundary,False,False,provisional,1,0.045049265757891775,0.5438636107033984,0.27580059168431537,4.061752690031687
29,submap_002,batch_030_window_037-041,batch_029_window_036-040,rejected,rejected,icp_translation_delta_too_large;icp_rejected_by_boundary,False,False,provisional,2,0.05700970541248425,0.5592037759080648,0.271406847196291,4.08468354323649
30,submap_002,batch_031_window_038-042,batch_030_window_037-041,rejected,rejected,icp_translation_delta_too_large;icp_rejected_by_boundary,False,False,provisional,3,0.050948129944358246,0.5343171376862036,0.31210044053810326,1.4738883885516272
31,submap_003,batch_032_window_039-043,batch_031_window_038-042,rejected,rejected,icp_translation_delta_too_large;icp_rejected_by_boundary,False,False,provisional,4,0.014097220344319773,0.38646616541353385,0.20306880763712218,1.945119329924077
32,submap_003,batch_033_window_040-044,batch_032_window_039-043,rejected,rejected,icp_fitness_too_low;icp_translation_delta_too_large;icp_rotation_delta_too_large;icp_rejected_by_boundary,False,False,provisional,5,0.01571241009196631,0.08398539384454877,1.3750801304869353,34.92728913648416
33,submap_003,batch_034_window_041-045,batch_033_window_040-044,rejected,rejected,icp_fitness_too_low;icp_translation_delta_too_large;icp_rotation_delta_too_large;icp_rejected_by_boundary,False,False,provisional,6,0.017067802418424385,0.10058139534883721,0.46837343782225277,8.350626840133057
34,submap_003,batch_035_window_042-046,batch_034_window_041-045,rejected,rejected,icp_fitness_too_low;icp_translation_delta_too_large;icp_rotation_delta_too_large;icp_rejected_by_boundary,False,False,provisional,7,0.013166629287981683,0.10801186943620178,0.36486829574198587,5.516773008119504
35,submap_003,batch_036_window_043-047,batch_035_window_042-046,rejected,rejected,icp_fitness_too_low;icp_translation_delta_too_large;icp_rotation_delta_too_large;icp_rejected_by_boundary,False,False,provisional,8,0.02715058858807536,0.0,5.0623854748867645,168.75745569210065
36,submap_003,batch_037_window_044-048,batch_036_window_043-047,rejected,rejected,icp_fitness_too_low;icp_translation_delta_too_large;icp_rotation_delta_too_large;icp_rejected_by_boundary,False,False,provisional,9,0.012710279893078665,0.0,73.46442477644332,70.9322310039912
37,submap_003,batch_038_window_045-049,batch_037_window_044-048,needs_review,needs_review,icp_fitness_too_low;fusion_conflict_ratio_too_high,True,False,provisional,10,0.021874388104313157,0.0,5.551115123125783e-17,1.2074182697257333e-06
38,submap_003,batch_039_window_046-050,batch_038_window_045-049,rejected,rejected,icp_fitness_too_low;icp_translation_delta_too_large;icp_rotation_delta_too_large;icp_rejected_by_boundary,False,False,fused,0,0.01411675090142233,0.0782800441014333,0.5252015767975782,13.707724213996611
39,submap_003,batch_040_window_047-051,batch_039_window_046-050,rejected,rejected,icp_fitness_too_low;icp_translation_delta_too_large;icp_rotation_delta_too_large;icp_rejected_by_boundary,False,False,provisional,1,0.029448364791970473,0.236999147485081,0.5661730223780628,12.53565320230996
40,submap_003,batch_041_window_048-052,batch_040_window_047-051,rejected,rejected,icp_fitness_too_low;icp_translation_delta_too_large;icp_rejected_by_boundary,False,False,provisional,2,0.013682758463450267,0.13556437889960296,0.15082047234102489,4.6028532419790675
41,submap_004,batch_042_window_049-053,batch_041_window_048-052,needs_review,needs_review,icp_fitness_too_low;fusion_conflict_ratio_too_high,True,False,provisional,3,0.017154984271728752,0.1134982638888889,0.059779541767685906,2.0502102314975827
42,submap_004,batch_043_window_050-054,batch_042_window_049-053,accepted,needs_review,fusion_conflict_ratio_too_high,True,False,fused,0,0.03201884198236412,0.3727660920449154,0.021812231071465453,0.5013051364798101
43,submap_004,batch_044_window_051-055,batch_043_window_050-054,accepted,needs_review,fusion_conflict_ratio_too_high,True,False,fused,0,0.024217431508080065,0.455649419218585,0.04012072427266567,0.4633132367398822
44,submap_004,batch_045_window_052-056,batch_044_window_051-055,accepted,needs_review,fusion_conflict_ratio_too_high,True,False,fused,0,0.04164006916038592,0.45675057208237985,0.027475748716343097,0.18967315182018374
45,submap_004,batch_046_window_053-057,batch_045_window_052-056,accepted,needs_review,fusion_conflict_ratio_too_high,True,False,fused,0,0.02200554952547325,0.5173573735199138,0.007723759539463285,0.15368944917093222
46,submap_004,batch_047_window_054-058,batch_046_window_053-057,accepted,needs_review,fusion_conflict_ratio_too_high,True,False,fused,0,0.02384339752340497,0.6188617886178862,0.018689987173257573,0.36550245366379475
47,submap_004,batch_048_window_055-059,batch_047_window_054-058,accepted,needs_review,fusion_conflict_ratio_too_high,True,False,fused,0,0.05156278960611657,0.728713768115942,0.05054911341753716,1.686784159622963
48,submap_004,batch_049_window_056-060,batch_048_window_055-059,accepted,needs_review,fusion_conflict_ratio_too_high,True,False,fused,0,0.01714819176197562,0.8026554013277006,0.1407400302541343,3.2526526841025922
49,submap_004,batch_050_window_057-061,batch_049_window_056-060,rejected,rejected,icp_translation_delta_too_large;icp_rejected_by_boundary,False,False,fused,0,0.008397386384624258,0.8523238380809596,0.16637078771308325,3.890760996954137
50,submap_004,batch_051_window_058-062,batch_050_window_057-061,rejected,rejected,icp_translation_delta_too_large;icp_rotation_delta_too_large;icp_rejected_by_boundary,False,False,provisional,1,0.013470796424326697,0.7140814867762688,0.21534414025642962,5.124140605615595
51,submap_005,batch_052_window_059-063,batch_051_window_058-062,accepted,needs_review,fusion_conflict_ratio_too_high,True,False,provisional,2,0.017215464278017643,0.5652985074626866,0.11389363223650296,4.175052286694399
52,submap_005,batch_053_window_060-064,batch_052_window_059-063,needs_review,needs_review,shared_p90_error_too_high;fusion_conflict_ratio_too_high,True,False,fused,0,0.15453182133794788,0.42321160580290146,0.02603140930793216,2.170057972086377
53,submap_005,batch_054_window_061-065,batch_053_window_060-064,accepted,needs_review,fusion_conflict_ratio_too_high,True,False,fused,0,0.014848478744693838,0.41354945968412304,0.010317358767017164,2.0809453383097365
54,submap_005,batch_055_window_062-066,batch_054_window_061-065,needs_review,needs_review,icp_fitness_too_low;fusion_conflict_ratio_too_high,True,False,fused,0,0.015070981151906937,0.25182823926495407,0.02737019067110537,1.1329309608007088
55,submap_005,batch_056_window_063-067,batch_055_window_062-066,accepted,needs_review,fusion_conflict_ratio_too_high,True,False,fused,0,0.013399101344148954,0.39008126693061057,0.03323979977726085,0.1382408679607834
56,submap_005,batch_057_window_064-068,batch_056_window_063-067,needs_review,needs_review,shared_p90_error_too_high;fusion_conflict_ratio_too_high,True,False,fused,0,0.17992739402533392,0.3572009764035802,0.023536008366667686,1.435372148384475
57,submap_005,batch_058_window_065-069,batch_057_window_064-068,accepted,needs_review,fusion_conflict_ratio_too_high,True,False,fused,0,0.04816171144686212,0.5514918190567853,0.04797668398409374,0.5383475433033621
58,submap_005,batch_059_window_066-070,batch_058_window_065-069,accepted,needs_review,fusion_conflict_ratio_too_high,True,False,fused,0,0.03912481705253018,0.5653102068045364,0.036597674421448574,0.27883536592661384
59,submap_005,batch_060_window_067-071,batch_059_window_066-070,accepted,needs_review,fusion_conflict_ratio_too_high,True,False,fused,0,0.013255782556309052,0.7226951639195798,0.015206365192919555,0.34601982573697077
60,submap_005,batch_061_window_068-072,batch_060_window_067-071,accepted,needs_review,fusion_conflict_ratio_too_high,True,False,fused,0,0.008538909549850086,0.78894251864853,0.035257553368120614,0.9172526285723842
61,submap_006,batch_062_window_069-073,batch_061_window_068-072,accepted,needs_review,fusion_conflict_ratio_too_high,True,False,fused,0,0.013678307694546074,0.7714070162202943,0.006532941764980212,0.4884168925314876
62,submap_006,batch_063_window_070-074,batch_062_window_069-073,accepted,needs_review,fusion_conflict_ratio_too_high,True,False,fused,0,0.012842016876549634,0.6624300196701468,0.03013207114668514,1.1524663418836654
63,submap_006,batch_064_window_071-075,batch_063_window_070-074,accepted,needs_review,fusion_conflict_ratio_too_high,True,False,fused,0,0.016832897209720445,0.7004242507184891,0.018927259554116525,0.34291221327638416
64,submap_006,batch_065_window_072-076,batch_064_window_071-075,accepted,needs_review,fusion_conflict_ratio_too_high,True,False,fused,0,0.02648626397841816,0.6856971873129862,0.01563984865160846,0.145591712297816
65,submap_006,batch_066_window_073-077,batch_065_window_072-076,rejected,rejected,shared_p90_error_too_high;icp_translation_delta_too_large;icp_rejected_by_boundary,False,False,fused,0,0.1578618804948149,0.6869654464591174,0.17160026234057263,1.331798342303521
66,submap_006,batch_067_window_074-078,batch_066_window_073-077,rejected,rejected,icp_translation_delta_too_large;icp_rejected_by_boundary,False,False,provisional,1,0.046542170897385625,0.6660994764397906,0.16828034384646265,1.2968934566233492
67,submap_006,batch_068_window_075-079,batch_067_window_074-078,accepted,needs_review,fusion_conflict_ratio_too_high,True,False,provisional,2,0.03131281932301498,0.6793638578940618,0.1403772173142338,1.1653890050142441
68,submap_006,batch_069_window_076-080,batch_068_window_075-079,accepted,needs_review,fusion_conflict_ratio_too_high,True,False,fused,0,0.04855440877948173,0.7130818619582665,0.08872493087261886,0.7785404514993367
69,submap_006,batch_070_window_077-081,batch_069_window_076-080,accepted,needs_review,fusion_conflict_ratio_too_high,True,False,fused,0,0.035791301130324395,0.7246199545692819,0.08198461659718298,0.9945952989495996
70,submap_006,batch_071_window_078-082,batch_070_window_077-081,accepted,needs_review,fusion_conflict_ratio_too_high,True,False,fused,0,0.029122264741862667,0.7367084321029461,0.07145287356890305,0.6943903295912321
71,submap_007,batch_072_window_079-083,batch_071_window_078-082,accepted,rejected,fusion_conflict_ratio_too_high;fusion_scale_shadow_quarantined,False,True,fused,0,0.03254095652464895,0.6384388807069219,0.03882273280484585,0.7406085993370863
72,submap_007,batch_073_window_080-084,batch_072_window_079-083,accepted,rejected,fusion_conflict_ratio_too_high;fusion_scale_shadow_quarantined,False,True,registered,0,0.0655621763554954,0.5228282828282829,0.07503126421283761,2.2399662082112712
73,submap_007,batch_074_window_081-085,batch_073_window_080-084,accepted,rejected,fusion_conflict_ratio_too_high;fusion_scale_shadow_quarantined,False,True,registered,0,0.09417780660551285,0.41576275519520833,0.04227339498649956,0.9469470194081077
74,submap_007,batch_075_window_082-086,batch_074_window_081-085,accepted,rejected,fusion_conflict_ratio_too_high;fusion_scale_shadow_quarantined,False,True,registered,0,0.08984509891242208,0.3547271447372448,0.07763042303034073,1.8950503667305556
75,submap_007,batch_076_window_083-087,batch_075_window_082-086,rejected,rejected,shared_p90_error_too_high;icp_translation_delta_too_large;icp_rejected_by_boundary,False,False,registered,0,0.2714896184799954,0.3676303929578578,0.5238174007028477,3.4859432893959923
76,submap_007,batch_077_window_084-088,batch_076_window_083-087,rejected,rejected,shared_p90_error_too_high;icp_translation_delta_too_large;icp_rejected_by_boundary,False,False,provisional,1,0.347313750604826,0.37719039069069754,0.5021625176976793,2.015763031230664
77,submap_007,batch_078_window_085-089,batch_077_window_084-088,rejected,rejected,shared_p90_error_too_high;icp_fitness_too_low;icp_translation_delta_too_large;icp_rejected_by_boundary,False,False,provisional,2,0.41360661884652966,0.3103026667897019,0.3945583460350929,0.9417651619383718
78,submap_007,batch_079_window_086-090,batch_078_window_085-089,needs_review,rejected,shared_p90_error_too_high;icp_fitness_too_low;fusion_conflict_ratio_too_high;fusion_scale_shadow_quarantined,False,True,provisional,3,0.17125641944389233,0.3165479661584054,0.14583720165816433,1.041201341064652
79,submap_007,batch_080_window_087-091,batch_079_window_086-090,rejected,rejected,icp_translation_delta_too_large;icp_rejected_by_boundary,False,False,registered,0,0.11332193559418624,0.4290584651095314,0.9800820680121234,4.360983764492005
80,submap_007,batch_081_window_088-092,batch_080_window_087-091,rejected,rejected,shared_p90_error_too_high;icp_translation_delta_too_large;icp_rejected_by_boundary,False,False,provisional,1,0.41901468083454196,0.3824988252493082,0.35115194320940163,2.985287798234757
81,submap_008,batch_082_window_089-093,batch_081_window_088-092,rejected,rejected,shared_p90_error_too_high;icp_fitness_too_low;icp_translation_delta_too_large;icp_rejected_by_boundary,False,False,provisional,2,0.18321544877572546,0.3407449322637553,0.4902847344223547,4.245654703508593
82,submap_008,batch_083_window_090-094,batch_082_window_089-093,rejected,rejected,shared_p90_error_too_high;icp_translation_delta_too_large;icp_rejected_by_boundary,False,False,provisional,3,0.15590432848883573,0.3568903106322081,0.49319247888579354,4.615101437811577
83,submap_008,batch_084_window_091-095,batch_083_window_090-094,rejected,rejected,icp_translation_delta_too_large;icp_rejected_by_boundary,False,False,provisional,4,0.07121607074992842,0.39522907253558764,0.359484053035899,3.422484421049768
84,submap_008,batch_085_window_092-096,batch_084_window_091-095,rejected,rejected,shared_p90_error_too_high;icp_translation_delta_too_large;icp_rejected_by_boundary,False,False,provisional,5,0.25025295166981104,0.4765258215962441,0.642671749975864,3.830377454386516
85,submap_008,batch_086_window_093-097,batch_085_window_092-096,rejected,rejected,icp_translation_delta_too_large;icp_rotation_delta_too_large;icp_rejected_by_boundary,False,False,provisional,6,0.10146558630168813,0.45579628298593283,0.7116454342904799,5.787626251684904
86,submap_008,batch_087_window_094-098,batch_086_window_093-097,rejected,rejected,shared_p90_error_too_high;icp_translation_delta_too_large;icp_rejected_by_boundary,False,False,provisional,7,0.20583962082011503,0.4317851338636558,0.4838445575629781,2.3941669480229644
87,submap_008,batch_088_window_095-099,batch_087_window_094-098,rejected,rejected,icp_translation_delta_too_large;icp_rejected_by_boundary,False,False,provisional,8,0.04067332199364444,0.4197931697931698,0.614656102389083,2.97964929956061
88,submap_008,batch_089_window_096-100,batch_088_window_095-099,rejected,rejected,icp_translation_delta_too_large;icp_rejected_by_boundary,False,False,provisional,9,0.059985684636410914,0.40253625462992026,0.6429478789914111,4.83518819376595
89,submap_008,batch_090_window_097-101,batch_089_window_096-100,rejected,rejected,shared_p90_error_too_high;icp_translation_delta_too_large;icp_rejected_by_boundary,False,False,provisional,10,0.14441387276896384,0.4828157075690352,0.6246733876858594,2.5183184075106473
90,submap_008,batch_091_window_098-102,batch_090_window_097-101,needs_review,needs_review,shared_median_error_too_high;shared_p90_error_too_high;fusion_conflict_ratio_too_high,True,False,provisional,11,0.46516134636999484,0.39748475609756095,0.06525879214414022,2.080138632702419
91,submap_009,batch_092_window_099-103,batch_091_window_098-102,accepted,needs_review,fusion_conflict_ratio_too_high,True,False,fused,0,0.06456709632958842,0.5738240605383094,0.06365068613635565,0.42169104333021534
92,submap_009,batch_093_window_100-104,batch_092_window_099-103,needs_review,needs_review,shared_p90_error_too_high;fusion_conflict_ratio_too_high,True,False,fused,0,0.12363535965095694,0.6712042639008932,0.1002261166595545,0.723144497684669
93,submap_009,batch_094_window_101-105,batch_093_window_100-104,accepted,needs_review,fusion_conflict_ratio_too_high,True,False,fused,0,0.08047137657463949,0.702890747949971,0.053608221012429715,0.10706489765748152
94,submap_009,batch_095_window_102-106,batch_094_window_101-105,accepted,needs_review,fusion_conflict_ratio_too_high,True,False,fused,0,0.07366403749943658,0.7288354757739408,0.053330090974915756,0.2312013641365511
95,submap_009,batch_096_window_103-107,batch_095_window_102-106,accepted,needs_review,fusion_conflict_ratio_too_high,True,False,fused,0,0.04371579628405101,0.8235934100093255,0.044030846372484875,0.23648672315094466
96,submap_009,batch_097_window_104-108,batch_096_window_103-107,accepted,needs_review,fusion_conflict_ratio_too_high,True,False,fused,0,0.0943290822600399,0.7943222710915634,0.12363984119007465,0.7456376996981184
97,submap_009,batch_098_window_105-109,batch_097_window_104-108,accepted,needs_review,fusion_conflict_ratio_too_high,True,False,fused,0,0.02854166983724142,0.8018537950332284,0.056533750142968894,0.5604397073040037
98,submap_009,batch_099_window_106-110,batch_098_window_105-109,accepted,accepted,,True,False,fused,0,0.03706194269085355,0.8042590949423247,0.06782723337837432,0.6179958104091428
99,submap_009,batch_100_window_107-111,batch_099_window_106-110,accepted,accepted,,True,False,fused,0,0.02722541800847863,0.7952631140021683,0.014068849806638537,0.13463689526774741
100,submap_009,batch_101_window_108-112,batch_100_window_107-111,accepted,accepted,,True,False,fused,0,0.039447939485229226,0.7568964146593529,0.004804102851971278,0.13348345771186315
101,submap_010,batch_102_window_109-113,batch_101_window_108-112,accepted,accepted,,True,False,fused,0,0.036431532005410966,0.8103506123133702,0.011899117077091449,0.18131456684513214
102,submap_010,batch_103_window_110-114,batch_102_window_109-113,accepted,accepted,,True,False,fused,0,0.03951894920596019,0.8282237086584913,0.046346281173779195,0.51094873155959
103,submap_010,batch_104_window_111-115,batch_103_window_110-114,accepted,accepted,,True,False,fused,0,0.03213362046154451,0.8108590632220122,0.031834785747397766,0.29139442801153626
104,submap_010,batch_105_window_112-116,batch_104_window_111-115,accepted,accepted,,True,False,fused,0,0.031390763626072536,0.864430695755997,0.03639146959603893,0.3397746699474452
105,submap_010,batch_106_window_113-117,batch_105_window_112-116,accepted,accepted,,True,False,fused,0,0.04899961131806152,0.8640250511863182,0.0623336255999517,0.7122134898547385
106,submap_010,batch_107_window_114-118,batch_106_window_113-117,accepted,accepted,,True,False,fused,0,0.03755796662841532,0.8933062880324544,0.04011572935522078,0.44936438772449167
107,submap_010,batch_108_window_115-119,batch_107_window_114-118,accepted,accepted,,True,False,fused,0,0.0276019496267552,0.9239571263035922,0.017441225892629048,0.23995571265782809
108,submap_010,batch_109_window_116-120,batch_108_window_115-119,accepted,accepted,,True,False,fused,0,0.03365925194991297,0.8795476222918653,0.014537272386834946,0.37649452037973613
109,submap_010,batch_110_window_117-121,batch_109_window_116-120,accepted,accepted,,True,False,fused,0,0.03274112327246086,0.8847652940179631,0.018334753027145826,0.222825464274819
110,submap_010,batch_111_window_118-122,batch_110_window_117-121,accepted,rejected,fusion_conflict_ratio_too_high;fusion_scale_shadow_quarantined,False,True,fused,0,0.036443441097212696,0.4881370511074475,0.1014665794521885,1.4680852065840249
111,submap_011,batch_112_window_119-123,batch_111_window_118-122,accepted,rejected,fusion_conflict_ratio_too_high;fusion_scale_shadow_quarantined,False,True,registered,0,0.02868984717198967,0.4186880542514345,0.022412756766307208,0.5347181391575275
112,submap_011,batch_113_window_120-124,batch_112_window_119-123,needs_review,needs_review,shared_p90_error_too_high;icp_fitness_too_low;fusion_conflict_ratio_too_high,True,False,registered,0,0.12352363070257288,0.32845917677056774,0.04336627280302028,0.8937084888609004
113,submap_011,batch_114_window_121-125,batch_113_window_120-124,needs_review,needs_review,shared_p90_error_too_high;icp_fitness_too_low;fusion_conflict_ratio_too_high,True,False,fused,0,0.19496130616925486,0.33550630160799655,0.07013262565409394,1.064128902260144
114,submap_011,batch_115_window_122-126,batch_114_window_121-125,rejected,rejected,shared_median_error_too_high;shared_p90_error_too_high;icp_fitness_too_low;icp_translation_delta_too_large;icp_rejected_by_boundary,False,False,fused,0,0.49177622763120105,0.2652416808355599,0.3000931536352195,0.7222764029569001
115,submap_011,batch_116_window_123-127,batch_115_window_122-126,rejected,rejected,shared_p90_error_too_high;icp_fitness_too_low;icp_translation_delta_too_large;icp_rejected_by_boundary,False,False,provisional,1,0.1611151957115511,0.265383482997203,0.274204409355316,1.851106740317161
116,submap_011,batch_117_window_124-128,batch_116_window_123-127,rejected,rejected,shared_p90_error_too_high;icp_fitness_too_low;icp_translation_delta_too_large;icp_rejected_by_boundary,False,False,provisional,2,0.17670318964458884,0.2764719662658129,0.30884225188811204,2.188028709112124
117,submap_011,batch_118_window_125-129,batch_117_window_124-128,rejected,rejected,shared_median_error_too_high;shared_p90_error_too_high;icp_fitness_too_low;icp_translation_delta_too_large;icp_rejected_by_boundary,False,False,provisional,3,0.32554056125822767,0.2852468768590125,0.3428917790343834,3.328636703033132
118,submap_011,batch_119_window_126-130,batch_118_window_125-129,needs_review,needs_review,shared_median_error_too_high;shared_p90_error_too_high;icp_fitness_too_low;fusion_conflict_ratio_too_high,True,False,provisional,4,0.18690665151066782,0.2992354336936462,0.12267023317277137,1.0792597130181218
119,submap_011,batch_120_window_127-131,batch_119_window_126-130,needs_review,needs_review,shared_median_error_too_high;shared_p90_error_too_high;fusion_conflict_ratio_too_high,True,False,fused,0,0.16980511183569694,0.4071942446043165,0.12730151537247647,1.5835092384798533
120,submap_011,batch_121_window_128-132,batch_120_window_127-131,needs_review,needs_review,shared_median_error_too_high;shared_p90_error_too_high;fusion_conflict_ratio_too_high,True,False,fused,0,0.4175535856641427,0.3506511309115833,0.141651456030295,2.5678154827194395
121,submap_012,batch_122_window_129-133,batch_121_window_128-132,needs_review,needs_review,shared_median_error_too_high;shared_p90_error_too_high;icp_fitness_too_low;fusion_conflict_ratio_too_high,True,False,fused,0,0.5400718943816115,0.26454234388366127,0.1064695125065948,1.0457884908069144
122,submap_012,batch_123_window_130-134,batch_122_window_129-133,needs_review,needs_review,shared_median_error_too_high;shared_p90_error_too_high;icp_fitness_too_low;fusion_conflict_ratio_too_high,True,False,fused,0,0.5260091651506595,0.26208275649900015,0.1383966187592126,3.3887387861612446
123,submap_012,batch_124_window_131-135,batch_123_window_130-134,rejected,rejected,shared_median_error_too_high;shared_p90_error_too_high;icp_fitness_too_low;icp_translation_delta_too_large;icp_rejected_by_boundary,False,False,fused,0,0.3556291443033231,0.26483449653934144,0.18183692633191417,2.987695559311596
124,submap_012,batch_125_window_132-136,batch_124_window_131-135,rejected,rejected,shared_median_error_too_high;shared_p90_error_too_high;icp_fitness_too_low;icp_translation_delta_too_large;icp_rejected_by_boundary,False,False,provisional,1,0.4138641190780853,0.23525173376564892,0.22018120097070445,4.545300930130256
125,submap_012,batch_126_window_133-137,batch_125_window_132-136,rejected,rejected,shared_p90_error_too_high;icp_fitness_too_low;icp_translation_delta_too_large;icp_rejected_by_boundary,False,False,provisional,2,0.23861527312892414,0.19057174128316048,0.2062476192970463,2.917681437603446
126,submap_012,batch_127_window_134-138,batch_126_window_133-137,rejected,rejected,shared_median_error_too_high;shared_p90_error_too_high;icp_fitness_too_low;icp_translation_delta_too_large;icp_rejected_by_boundary,False,False,provisional,3,0.21103079020087415,0.11857626231469538,0.1794043548080482,0.9537052945960622
127,submap_012,batch_128_window_135-139,batch_127_window_134-138,needs_review,rejected,shared_median_error_too_high;shared_p90_error_too_high;icp_fitness_too_low;fusion_conflict_ratio_too_high;fusion_scale_shadow_quarantined,False,True,provisional,4,0.5741352373356893,0.11639076231350909,0.149794968238851,1.6427037550226269
128,submap_012,batch_129_window_136-140,batch_128_window_135-139,rejected,rejected,shared_median_error_too_high;shared_p90_error_too_high;icp_fitness_too_low;icp_translation_delta_too_large;icp_rejected_by_boundary,False,False,registered,0,0.3410325122044562,0.10963990472187193,0.23077501481830792,3.6526047220486397
129,submap_012,batch_130_window_137-141,batch_129_window_136-140,rejected,rejected,shared_median_error_too_high;shared_p90_error_too_high;icp_fitness_too_low;icp_translation_delta_too_large;icp_rotation_delta_too_large;icp_rejected_by_boundary,False,False,provisional,1,0.5466010666824714,0.08260742161485389,0.4785226586307484,6.466827236130925
130,submap_012,batch_131_window_138-142,batch_130_window_137-141,rejected,rejected,shared_p90_error_too_high;icp_fitness_too_low;icp_translation_delta_too_large;icp_rejected_by_boundary,False,False,provisional,2,0.16209069083592,0.07260481178115814,0.33569072476785283,4.460351127155028
131,submap_013,batch_132_window_139-143,batch_131_window_138-142,rejected,rejected,shared_p90_error_too_high;icp_fitness_too_low;icp_translation_delta_too_large;icp_rejected_by_boundary,False,False,provisional,3,0.24561518859618006,0.08969911504424778,0.4058443248989672,4.706025025490183
132,submap_013,batch_133_window_140-144,batch_132_window_139-143,rejected,rejected,shared_median_error_too_high;shared_p90_error_too_high;icp_fitness_too_low;icp_translation_delta_too_large;icp_rotation_delta_too_large;icp_rejected_by_boundary,False,False,provisional,4,0.3200437615913502,0.05607344232567365,0.9398768725752313,10.645987342206263
133,submap_013,batch_134_window_141-145,batch_133_window_140-144,rejected,rejected,shared_median_error_too_high;shared_p90_error_too_high;icp_fitness_too_low;icp_translation_delta_too_large;icp_rotation_delta_too_large;icp_rejected_by_boundary,False,False,provisional,5,0.7134314190474182,0.04510348239562433,0.7539707769433309,8.770194690689609
134,submap_013,batch_135_window_142-146,batch_134_window_141-145,rejected,rejected,shared_median_error_too_high;shared_p90_error_too_high;icp_fitness_too_low;icp_translation_delta_too_large;icp_rotation_delta_too_large;icp_rejected_by_boundary,False,False,provisional,6,0.49307174070396914,0.04341327094300383,0.749469621507488,8.844954506026463
135,submap_013,batch_136_window_143-147,batch_135_window_142-146,rejected,rejected,shared_median_error_too_high;shared_p90_error_too_high;icp_fitness_too_low;icp_translation_delta_too_large;icp_rotation_delta_too_large;icp_rejected_by_boundary,False,False,provisional,7,0.3479973354803519,0.057008866417527664,0.6244084262591245,8.921973944865469
136,submap_013,batch_137_window_144-148,batch_136_window_143-147,rejected,rejected,shared_median_error_too_high;shared_p90_error_too_high;icp_fitness_too_low;icp_translation_delta_too_large;icp_rotation_delta_too_large;icp_rejected_by_boundary,False,False,provisional,8,0.15509769959391265,0.020875869827909496,2.1410429769842825,22.040913203221592
137,submap_013,batch_138_window_145-149,batch_137_window_144-148,needs_review,needs_review,shared_p90_error_too_high;icp_fitness_too_low;fusion_conflict_ratio_too_high,True,False,provisional,9,0.1652651599923866,0.0,2.220446049250313e-16,0.0
138,submap_013,batch_139_window_146-150,batch_138_window_145-149,needs_review,needs_review,icp_fitness_too_low;fusion_conflict_ratio_too_high,True,False,fused,0,0.10616513348268587,0.23382489703733228,0.02933045473526354,0.5492717250337842
139,submap_013,batch_140_window_147-151,batch_139_window_146-150,needs_review,needs_review,shared_median_error_too_high;shared_p90_error_too_high;fusion_conflict_ratio_too_high,True,False,fused,0,0.1927701262172653,0.4864379874387466,0.07528064284967201,0.668676300276367
140,submap_013,batch_141_window_148-152,batch_140_window_147-151,needs_review,needs_review,shared_p90_error_too_high;fusion_conflict_ratio_too_high,True,False,fused,0,0.20835709958487417,0.6406155245603395,0.02970652935865587,0.4785526367510367
141,submap_014,batch_142_window_149-153,batch_141_window_148-152,accepted,needs_review,fusion_conflict_ratio_too_high,True,False,fused,0,0.0915907997585125,0.772335351311686,0.019566367998567917,0.21771966339628773
142,submap_014,batch_143_window_150-154,batch_142_window_149-153,accepted,needs_review,fusion_conflict_ratio_too_high,True,False,fused,0,0.07130836102624918,0.7915517920441119,0.04297411252248737,0.18001630457853326
143,submap_014,batch_144_window_151-155,batch_143_window_150-154,needs_review,needs_review,shared_p90_error_too_high;fusion_conflict_ratio_too_high,True,False,fused,0,0.1499837718983318,0.7503738640285287,0.13006682460766675,0.5438707386792484
144,submap_014,batch_145_window_152-156,batch_144_window_151-155,rejected,rejected,shared_median_error_too_high;shared_p90_error_too_high;icp_translation_delta_too_large;icp_rotation_delta_too_large;icp_rejected_by_boundary,False,False,fused,0,0.2593643327532681,0.4624401913875598,0.19320702697834807,7.366081066397403
145,submap_014,batch_146_window_153-157,batch_145_window_152-156,rejected,rejected,shared_median_error_too_high;shared_p90_error_too_high;icp_fitness_too_low;icp_translation_delta_too_large;icp_rotation_delta_too_large;icp_rejected_by_boundary,False,False,provisional,1,0.23393673845840657,0.2692985548114205,0.25619422950246307,14.98286081142024
146,submap_014,batch_147_window_154-158,batch_146_window_153-157,rejected,rejected,shared_median_error_too_high;shared_p90_error_too_high;icp_fitness_too_low;icp_translation_delta_too_large;icp_rotation_delta_too_large;icp_rejected_by_boundary,False,False,provisional,2,0.43499618561795017,0.2172139719723907,0.4728330037368581,8.99386870294882
147,submap_014,batch_148_window_155-159,batch_147_window_154-158,rejected,rejected,shared_median_error_too_high;shared_p90_error_too_high;icp_fitness_too_low;icp_translation_delta_too_large;icp_rejected_by_boundary,False,False,provisional,3,0.3455065633894055,0.136315900021004,0.21936449232035335,2.678420499073216
148,submap_014,batch_149_window_156-160,batch_148_window_155-159,rejected,rejected,shared_median_error_too_high;shared_p90_error_too_high;icp_fitness_too_low;icp_translation_delta_too_large;icp_rejected_by_boundary,False,False,provisional,4,1.2132344998055913,0.02263054084916433,0.24609419830252294,4.174503058082506
149,submap_014,batch_150_window_157-161,batch_149_window_156-160,needs_review,needs_review,shared_median_error_too_high;shared_p90_error_too_high;icp_fitness_too_low;fusion_conflict_ratio_too_high,True,False,provisional,5,1.7368442469056085,0.02132819301081955,0.06550306006145343,1.3787517682734634
150,submap_014,batch_151_window_158-162,batch_150_window_157-161,rejected,rejected,shared_median_error_too_high;shared_p90_error_too_high;icp_fitness_too_low;icp_translation_delta_too_large;icp_rejected_by_boundary,False,False,fused,0,0.715661190543803,0.06086413543094028,0.15596542882924413,1.4074370078484444
151,submap_015,batch_152_window_159-163,batch_151_window_158-162,rejected,rejected,shared_p90_error_too_high;icp_fitness_too_low;icp_translation_delta_too_large;icp_rejected_by_boundary,False,False,provisional,1,0.12233513139456821,0.09026061702290271,0.18781076650779152,3.14480526535522
152,submap_015,batch_153_window_160-164,batch_152_window_159-163,rejected,rejected,icp_fitness_too_low;icp_translation_delta_too_large;icp_rejected_by_boundary,False,False,provisional,2,0.0695978014805838,0.06524968365456912,0.23974076582830622,4.473615265053991
153,submap_015,batch_154_window_161-165,batch_153_window_160-164,rejected,rejected,shared_median_error_too_high;shared_p90_error_too_high;icp_fitness_too_low;icp_translation_delta_too_large;icp_rejected_by_boundary,False,False,provisional,3,0.5053814540216445,0.047639245021110874,0.1753209509172641,2.1446968968160407
154,submap_015,batch_155_window_162-166,batch_154_window_161-165,rejected,rejected,shared_median_error_too_high;shared_p90_error_too_high;icp_fitness_too_low;icp_translation_delta_too_large;icp_rotation_delta_too_large;icp_rejected_by_boundary,False,False,provisional,4,3.0177833407728083,0.07433322731609796,0.15030113048597998,5.4047240268263685
155,submap_015,batch_156_window_163-167,batch_155_window_162-166,rejected,rejected,shared_median_error_too_high;shared_p90_error_too_high;icp_fitness_too_low;icp_translation_delta_too_large;icp_rejected_by_boundary,False,False,provisional,5,0.24609778948409433,0.06814401721945015,0.31046858885036044,4.85053733442979
156,submap_015,batch_157_window_164-168,batch_156_window_163-167,rejected,rejected,shared_p90_error_too_high;icp_fitness_too_low;icp_translation_delta_too_large;icp_rotation_delta_too_large;icp_rejected_by_boundary,False,False,provisional,6,0.23294630017893656,0.018678378514816497,0.6083777296338645,19.246856369699557
157,submap_015,batch_158_window_165-169,batch_157_window_164-168,rejected,rejected,shared_p90_error_too_high;icp_fitness_too_low;icp_translation_delta_too_large;icp_rotation_delta_too_large;icp_rejected_by_boundary,False,False,provisional,7,0.20510336149550798,0.03741734315359389,1.8410061219080398,27.896282357953254
158,submap_015,batch_159_window_166-170,batch_158_window_165-169,rejected,rejected,shared_median_error_too_high;shared_p90_error_too_high;icp_fitness_too_low;icp_translation_delta_too_large;icp_rotation_delta_too_large;icp_rejected_by_boundary,False,False,provisional,8,0.18962856699639508,0.045752871387100845,1.708797764259569,30.142636868931756
159,submap_015,batch_160_window_167-171,batch_159_window_166-170,rejected,rejected,shared_p90_error_too_high;icp_fitness_too_low;icp_translation_delta_too_large;icp_rotation_delta_too_large;icp_rejected_by_boundary,False,False,provisional,9,0.1360241005007682,0.047741834661665886,1.1450067561224757,26.997739587206386
160,submap_015,batch_161_window_168-172,batch_160_window_167-171,rejected,rejected,shared_median_error_too_high;shared_p90_error_too_high;icp_fitness_too_low;icp_translation_delta_too_large;icp_rotation_delta_too_large;icp_rejected_by_boundary,False,False,provisional,10,0.1719222336449724,0.03937936666364214,1.4844819461380012,20.121555924973656
161,submap_016,batch_162_window_169-173,batch_161_window_168-172,rejected,rejected,shared_median_error_too_high;shared_p90_error_too_high;icp_fitness_too_low;icp_translation_delta_too_large;icp_rotation_delta_too_large;icp_rejected_by_boundary,False,False,provisional,11,0.4662404111234932,0.06968188703743779,1.4800383046271797,20.505123934606704
162,submap_016,batch_163_window_170-174,batch_162_window_169-173,rejected,rejected,shared_p90_error_too_high;icp_fitness_too_low;icp_translation_delta_too_large;icp_rotation_delta_too_large;icp_rejected_by_boundary,False,False,provisional,12,0.12937203447777787,0.01936131279145269,1.0491579281328707,14.082183324031702
163,submap_016,batch_164_window_171-175,batch_163_window_170-174,rejected,rejected,shared_p90_error_too_high;icp_fitness_too_low;icp_translation_delta_too_large;icp_rejected_by_boundary,False,False,provisional,13,0.1299989918524933,0.020582737768004396,0.2228686243317944,2.0285871581648798
164,submap_016,batch_165_window_172-176,batch_164_window_171-175,needs_review,rejected,shared_p90_error_too_high;icp_fitness_too_low;fusion_conflict_ratio_too_high;fusion_scale_shadow_quarantined,False,True,provisional,14,0.17966872120217248,0.012852325507412356,0.09063471149558325,1.3644678311194653
165,submap_016,batch_166_window_173-177,batch_165_window_172-176,needs_review,rejected,shared_median_error_too_high;shared_p90_error_too_high;icp_fitness_too_low;fusion_conflict_ratio_too_high;fusion_scale_shadow_quarantined,False,True,registered,0,0.7119509736363798,0.026910896173927928,0.02904583867257058,3.1061663191708697
166,submap_016,batch_167_window_174-178,batch_166_window_173-177,rejected,rejected,shared_median_error_too_high;shared_p90_error_too_high;icp_fitness_too_low;icp_translation_delta_too_large;icp_rotation_delta_too_large;icp_rejected_by_boundary,False,False,registered,0,1.1203795354698276,0.12437284415177172,1.0818576247453189,9.385823849315537
167,submap_016,batch_168_window_175-179,batch_167_window_174-178,rejected,rejected,shared_median_error_too_high;shared_p90_error_too_high;icp_fitness_too_low;icp_translation_delta_too_large;icp_rotation_delta_too_large;icp_rejected_by_boundary,False,False,provisional,1,0.39984600933711967,0.10904823287223195,1.116098813398711,10.178797473609368
168,submap_016,batch_169_window_176-180,batch_168_window_175-179,rejected,rejected,shared_median_error_too_high;shared_p90_error_too_high;icp_fitness_too_low;icp_translation_delta_too_large;icp_rotation_delta_too_large;icp_rejected_by_boundary,False,False,provisional,2,0.3824581248462196,0.13249520655394806,0.9333414400153784,8.492941866904067
169,submap_016,batch_170_window_177-181,batch_169_window_176-180,rejected,rejected,shared_median_error_too_high;shared_p90_error_too_high;icp_fitness_too_low;icp_translation_delta_too_large;icp_rotation_delta_too_large;icp_rejected_by_boundary,False,False,provisional,3,0.523699380579234,0.12480788806610646,1.0929142284650128,8.937440193619159
170,submap_016,batch_171_window_178-182,batch_170_window_177-181,rejected,rejected,shared_median_error_too_high;shared_p90_error_too_high;icp_fitness_too_low;icp_translation_delta_too_large;icp_rotation_delta_too_large;icp_rejected_by_boundary,False,False,provisional,4,0.48671364580478416,0.13742980561555077,0.6973370319089083,6.982147674256557
171,submap_017,batch_172_window_179-183,batch_171_window_178-182,rejected,rejected,shared_median_error_too_high;shared_p90_error_too_high;icp_fitness_too_low;icp_translation_delta_too_large;icp_rotation_delta_too_large;icp_rejected_by_boundary,False,False,provisional,5,0.2424166517234844,0.15660271568221154,0.7430224358423638,7.66357637533642
172,submap_017,batch_173_window_180-184,batch_172_window_179-183,rejected,rejected,shared_p90_error_too_high;icp_fitness_too_low;icp_translation_delta_too_large;icp_rotation_delta_too_large;icp_rejected_by_boundary,False,False,provisional,6,0.24494945792877404,0.147046184180591,0.2682474355487477,6.416926002898226
173,submap_017,batch_174_window_181-185,batch_173_window_180-184,rejected,rejected,shared_p90_error_too_high;icp_fitness_too_low;icp_translation_delta_too_large;icp_rotation_delta_too_large;icp_rejected_by_boundary,False,False,provisional,7,0.1395015355711381,0.13759742819882934,0.3260257982323639,8.949500839854052
174,submap_017,batch_175_window_182-186,batch_174_window_181-185,rejected,rejected,shared_p90_error_too_high;icp_fitness_too_low;icp_translation_delta_too_large;icp_rotation_delta_too_large;icp_rejected_by_boundary,False,False,provisional,8,0.13021810015448845,0.18647645389038503,0.4897466149707286,7.434454182448988
175,submap_017,batch_176_window_183-187,batch_175_window_182-186,rejected,rejected,shared_p90_error_too_high;icp_fitness_too_low;icp_translation_delta_too_large;icp_rotation_delta_too_large;icp_rejected_by_boundary,False,False,provisional,9,0.264310959259912,0.1409360389453897,0.5226537930844345,7.511553652196791
176,submap_017,batch_177_window_184-188,batch_176_window_183-187,rejected,rejected,shared_median_error_too_high;shared_p90_error_too_high;icp_fitness_too_low;icp_translation_delta_too_large;icp_rotation_delta_too_large;icp_rejected_by_boundary,False,False,provisional,10,0.3861568312456666,0.13975749840459475,0.5636041759181698,9.939445404871991
177,submap_017,batch_178_window_185-189,batch_177_window_184-188,rejected,rejected,shared_median_error_too_high;shared_p90_error_too_high;icp_fitness_too_low;icp_translation_delta_too_large;icp_rotation_delta_too_large;icp_rejected_by_boundary,False,False,provisional,11,0.5315505679642036,0.15383705106206733,1.1720801629032116,14.624408881082108
178,submap_017,batch_179_window_186-190,batch_178_window_185-189,rejected,rejected,shared_median_error_too_high;shared_p90_error_too_high;icp_fitness_too_low;icp_translation_delta_too_large;icp_rotation_delta_too_large;icp_rejected_by_boundary,False,False,provisional,12,0.47865580072916664,0.07923561439094694,0.22402814705948976,5.60650047773321
179,submap_017,batch_180_window_187-191,batch_179_window_186-190,rejected,rejected,shared_median_error_too_high;shared_p90_error_too_high;icp_fitness_too_low;icp_translation_delta_too_large;icp_rotation_delta_too_large;icp_rejected_by_boundary,False,False,provisional,13,0.3354208562701792,0.08867300537412154,0.8057226665081271,8.32348069196232
180,submap_017,batch_181_window_188-192,batch_180_window_187-191,rejected,rejected,shared_median_error_too_high;shared_p90_error_too_high;icp_fitness_too_low;icp_rotation_delta_too_large;icp_rejected_by_boundary,False,False,provisional,14,0.3597690414821981,0.10531757754800591,0.12505481458947687,6.709443664988004
181,submap_018,batch_182_window_189-193,batch_181_window_188-192,rejected,rejected,shared_median_error_too_high;shared_p90_error_too_high;icp_fitness_too_low;icp_translation_delta_too_large;icp_rotation_delta_too_large;icp_rejected_by_boundary,False,False,provisional,15,0.3221394549916909,0.13236461616185916,0.6371855027521809,6.976006141875488
182,submap_018,batch_183_window_190-194,batch_182_window_189-193,rejected,rejected,shared_median_error_too_high;shared_p90_error_too_high;icp_fitness_too_low;icp_translation_delta_too_large;icp_rotation_delta_too_large;icp_rejected_by_boundary,False,False,provisional,16,0.32679591270727804,0.1919445534196417,0.8757379371486801,7.961017713955582
183,submap_018,batch_184_window_191-195,batch_183_window_190-194,rejected,rejected,shared_median_error_too_high;shared_p90_error_too_high;icp_fitness_too_low;icp_translation_delta_too_large;icp_rotation_delta_too_large;icp_rejected_by_boundary,False,False,provisional,17,0.26514580859251446,0.18518896312541439,1.3477137685113727,10.85310527853029
184,submap_018,batch_185_window_192-196,batch_184_window_191-195,rejected,rejected,shared_p90_error_too_high;icp_fitness_too_low;icp_translation_delta_too_large;icp_rotation_delta_too_large;icp_rejected_by_boundary,False,False,provisional,18,0.2225715165269671,0.17048017230457368,1.0184627927433285,8.060709967004996
185,submap_018,batch_186_window_193-197,batch_185_window_192-196,rejected,rejected,shared_p90_error_too_high;icp_fitness_too_low;icp_translation_delta_too_large;icp_rotation_delta_too_large;icp_rejected_by_boundary,False,False,provisional,19,0.15929076394522076,0.15054999549184023,0.7876523766202517,6.634143745563651
186,submap_018,batch_187_window_194-198,batch_186_window_193-197,rejected,rejected,shared_p90_error_too_high;icp_fitness_too_low;icp_translation_delta_too_large;icp_rotation_delta_too_large;icp_rejected_by_boundary,False,False,provisional,20,0.16366828578951445,0.15119159851790137,0.8260442228121252,6.317548562508449
187,submap_018,batch_188_window_195-199,batch_187_window_194-198,rejected,rejected,shared_p90_error_too_high;icp_fitness_too_low;icp_translation_delta_too_large;icp_rotation_delta_too_large;icp_rejected_by_boundary,False,False,provisional,21,0.15465378299478752,0.15678792504027814,0.7207825366985713,5.621797620420542
188,submap_018,batch_189_window_196-200,batch_188_window_195-199,rejected,rejected,shared_p90_error_too_high;icp_fitness_too_low;icp_translation_delta_too_large;icp_rotation_delta_too_large;icp_rejected_by_boundary,False,False,provisional,22,0.13877979786176536,0.1455640694239291,0.4029879418329313,5.174621358114498
189,submap_018,batch_190_window_197-201,batch_189_window_196-200,rejected,rejected,shared_p90_error_too_high;icp_fitness_too_low;icp_translation_delta_too_large;icp_rotation_delta_too_large;icp_rejected_by_boundary,False,False,provisional,23,0.1601746078953419,0.13787260106165783,0.30554031953300115,5.244917822804365
190,submap_018,batch_191_window_198-202,batch_190_window_197-201,rejected,rejected,shared_p90_error_too_high;icp_fitness_too_low;icp_translation_delta_too_large;icp_rotation_delta_too_large;icp_rejected_by_boundary,False,False,provisional,24,0.18074448127014242,0.14996976416045152,0.18475528276634026,5.385682074637332
191,submap_019,batch_192_window_199-203,batch_191_window_198-202,rejected,rejected,icp_fitness_too_low;icp_rotation_delta_too_large;icp_rejected_by_boundary,False,False,provisional,25,0.10845986689040518,0.1360115414493397,0.09163670637102724,5.596480601262091
192,submap_019,batch_193_window_200-204,batch_192_window_199-203,rejected,rejected,shared_p90_error_too_high;icp_fitness_too_low;icp_translation_delta_too_large;icp_rotation_delta_too_large;icp_rejected_by_boundary,False,False,provisional,26,0.1874482853168448,0.13447305090133044,0.2471601412588272,5.480290711377403
193,submap_019,batch_194_window_201-205,batch_193_window_200-204,rejected,rejected,shared_p90_error_too_high;icp_fitness_too_low;icp_translation_delta_too_large;icp_rotation_delta_too_large;icp_rejected_by_boundary,False,False,provisional,27,0.12858320788090877,0.15356304917881952,0.3083967777623855,5.690298895920044
194,submap_019,batch_195_window_202-206,batch_194_window_201-205,rejected,rejected,shared_p90_error_too_high;icp_fitness_too_low;icp_translation_delta_too_large;icp_rotation_delta_too_large;icp_rejected_by_boundary,False,False,provisional,28,0.2463440299920999,0.15168673737937635,0.3654308713373879,5.443261536476129
195,submap_019,batch_196_window_203-207,batch_195_window_202-206,rejected,rejected,shared_p90_error_too_high;icp_fitness_too_low;icp_translation_delta_too_large;icp_rotation_delta_too_large;icp_rejected_by_boundary,False,False,provisional,29,0.13828766313112653,0.16431501018907835,0.479209136364015,5.6031345362583975
196,submap_019,batch_197_window_204-208,batch_196_window_203-207,rejected,rejected,shared_p90_error_too_high;icp_fitness_too_low;icp_translation_delta_too_large;icp_rotation_delta_too_large;icp_rejected_by_boundary,False,False,provisional,30,0.18149466213778434,0.17643977343417477,0.8506277922303912,6.5932548093752485
197,submap_019,batch_198_window_205-209,batch_197_window_204-208,rejected,rejected,icp_fitness_too_low;icp_translation_delta_too_large;icp_rotation_delta_too_large;icp_rejected_by_boundary,False,False,provisional,31,0.11973970165241586,0.19991148333503558,1.383461557737824,8.552391245782701
198,submap_019,batch_199_window_206-210,batch_198_window_205-209,rejected,rejected,shared_p90_error_too_high;icp_fitness_too_low;icp_rotation_delta_too_large;icp_rejected_by_boundary,False,False,provisional,32,0.12517535029544113,0.2249858410420993,0.09908223680261385,5.983287982355342
199,submap_019,batch_200_window_207-211,batch_199_window_206-210,rejected,rejected,icp_fitness_too_low;icp_rotation_delta_too_large;icp_rejected_by_boundary,False,False,provisional,33,0.05231938747525866,0.3121569845707777,0.14773298205698515,5.5505777784784645
200,submap_019,batch_201_window_208-212,batch_200_window_207-211,rejected,rejected,icp_translation_delta_too_large;icp_rotation_delta_too_large;icp_rejected_by_boundary,False,False,provisional,34,0.053295860028620426,0.3836050724637681,0.1936887886548223,5.856503541411393
201,submap_020,batch_202_window_209-213,batch_201_window_208-212,rejected,rejected,icp_translation_delta_too_large;icp_rotation_delta_too_large;icp_rejected_by_boundary,False,False,provisional,35,0.04105977446010503,0.40442287805266086,0.5861851478591733,8.009560069710457
202,submap_020,batch_203_window_210-214,batch_202_window_209-213,rejected,rejected,icp_translation_delta_too_large;icp_rotation_delta_too_large;icp_rejected_by_boundary,False,False,provisional,36,0.10362247433180051,0.42233214060197855,0.6915237403808926,9.085091171473577
203,submap_020,batch_204_window_211-215,batch_203_window_210-214,rejected,rejected,icp_translation_delta_too_large;icp_rotation_delta_too_large;icp_rejected_by_boundary,False,False,provisional,37,0.030678266190896534,0.44189817317046803,0.5481342267599705,8.664081088903417
204,submap_020,batch_205_window_212-216,batch_204_window_211-215,rejected,rejected,icp_translation_delta_too_large;icp_rotation_delta_too_large;icp_rejected_by_boundary,False,False,provisional,38,0.010492053474062894,0.458869349699044,0.5407189822952788,8.712691615156254
205,submap_020,batch_206_window_213-217,batch_205_window_212-216,rejected,rejected,icp_translation_delta_too_large;icp_rotation_delta_too_large;icp_rejected_by_boundary,False,False,provisional,39,0.011328611420950544,0.4262350936967632,0.49095290138404307,8.609448029730808
206,submap_020,batch_207_window_214-218,batch_206_window_213-217,rejected,rejected,icp_translation_delta_too_large;icp_rotation_delta_too_large;icp_rejected_by_boundary,False,False,provisional,40,0.1100133496200424,0.393689201340636,0.5618048658150335,8.084700712656414
207,submap_020,batch_208_window_215-219,batch_207_window_214-218,rejected,rejected,shared_median_error_too_high;shared_p90_error_too_high;icp_fitness_too_low;icp_rotation_delta_too_large;icp_rejected_by_boundary,False,False,provisional,41,0.1971313841156553,0.3239893969516236,0.1108749349616293,5.451384060999874
208,submap_020,batch_209_window_216-220,batch_208_window_215-219,rejected,rejected,icp_fitness_too_low;icp_rotation_delta_too_large;icp_rejected_by_boundary,False,False,provisional,42,0.07914908118489114,0.320808935155064,0.06127481653518446,5.301558314866499
209,submap_020,batch_210_window_217-221,batch_209_window_216-220,rejected,rejected,icp_fitness_too_low;icp_translation_delta_too_large;icp_rejected_by_boundary,False,False,provisional,43,0.05622660272127974,0.29550256565046784,0.16776247033324831,4.947368189609606
210,submap_020,batch_211_window_218-222,batch_210_window_217-221,rejected,rejected,icp_fitness_too_low;icp_translation_delta_too_large;icp_rejected_by_boundary,False,False,provisional,44,0.04935994812520325,0.2605869512490905,0.17249011115128782,4.832375528895741
211,submap_021,batch_212_window_219-223,batch_211_window_218-222,rejected,rejected,icp_fitness_too_low;icp_translation_delta_too_large;icp_rejected_by_boundary,False,False,provisional,45,0.05752896358604153,0.22253678006218963,0.1624830453758278,4.209811602459752
212,submap_021,batch_213_window_220-224,batch_212_window_219-223,rejected,rejected,icp_fitness_too_low;icp_translation_delta_too_large;icp_rotation_delta_too_large;icp_rejected_by_boundary,False,False,provisional,46,0.07816987554261293,0.22789296473507,0.4671924450430588,6.1405864887457735
213,submap_021,batch_214_window_221-225,batch_213_window_220-224,rejected,rejected,icp_fitness_too_low;icp_translation_delta_too_large;icp_rotation_delta_too_large;icp_rejected_by_boundary,False,False,provisional,47,0.07913064849637452,0.20590883752840788,0.4512042425001471,5.369568936041776
214,submap_021,batch_215_window_222-226,batch_214_window_221-225,rejected,rejected,icp_fitness_too_low;icp_translation_delta_too_large;icp_rotation_delta_too_large;icp_rejected_by_boundary,False,False,provisional,48,0.07086133265015139,0.14918791007851995,0.5649778598363346,5.391074434844319
215,submap_021,batch_216_window_223-227,batch_215_window_222-226,rejected,rejected,icp_fitness_too_low;icp_translation_delta_too_large;icp_rotation_delta_too_large;icp_rejected_by_boundary,False,False,provisional,49,0.058039634511052526,0.1287416341840112,0.5777549849173689,5.6211050084923135
216,submap_021,batch_217_window_224-228,batch_216_window_223-227,rejected,rejected,icp_fitness_too_low;icp_translation_delta_too_large;icp_rotation_delta_too_large;icp_rejected_by_boundary,False,False,provisional,50,0.06677622640105328,0.13230188679245283,0.6024029826231693,5.63368435926238
217,submap_021,batch_218_window_225-229,batch_217_window_224-228,rejected,rejected,icp_fitness_too_low;icp_translation_delta_too_large;icp_rotation_delta_too_large;icp_rejected_by_boundary,False,False,provisional,51,0.08118685356945529,0.12548680225010816,0.5766759379745102,5.964773578987729
218,submap_021,batch_219_window_226-230,batch_218_window_225-229,rejected,rejected,icp_fitness_too_low;icp_translation_delta_too_large;icp_rotation_delta_too_large;icp_rejected_by_boundary,False,False,provisional,52,0.07252260971003564,0.1122204975458321,0.5891453841721944,6.290649324801632
219,submap_021,batch_220_window_227-231,batch_219_window_226-230,rejected,rejected,icp_fitness_too_low;icp_translation_delta_too_large;icp_rotation_delta_too_large;icp_rejected_by_boundary,False,False,provisional,53,0.06509850102388606,0.09198761285820212,0.7232180544455006,6.591367627832926
220,submap_021,batch_221_window_228-232,batch_220_window_227-231,rejected,rejected,icp_fitness_too_low;icp_translation_delta_too_large;icp_rotation_delta_too_large;icp_rejected_by_boundary,False,False,provisional,54,0.11722059507111632,0.08472968700600696,0.8367056490018745,7.762396066106991
221,submap_022,batch_222_window_229-233,batch_221_window_228-232,rejected,rejected,icp_fitness_too_low;icp_translation_delta_too_large;icp_rotation_delta_too_large;icp_rejected_by_boundary,False,False,provisional,55,0.0945603475185367,0.07303659539473684,0.6542441595516948,5.189359953452111
222,submap_022,batch_223_window_230-234,batch_222_window_229-233,rejected,rejected,icp_fitness_too_low;icp_translation_delta_too_large;icp_rejected_by_boundary,False,False,provisional,56,0.07573162209787862,0.024037415705895147,0.42640433402010053,3.4352887082058388
223,submap_022,batch_224_window_231-235,batch_223_window_230-234,rejected,rejected,icp_fitness_too_low;icp_translation_delta_too_large;icp_rotation_delta_too_large;icp_rejected_by_boundary,False,False,provisional,57,0.07577899527782266,0.01915492957746479,1.5152169214069182,12.612806930492448
224,submap_022,batch_225_window_232-236,batch_224_window_231-235,rejected,rejected,icp_fitness_too_low;icp_translation_delta_too_large;icp_rotation_delta_too_large;icp_rejected_by_boundary,False,False,provisional,58,0.06189963033891691,0.028154890465905583,4.3386488693148895,56.3085064684371
225,submap_022,batch_226_window_233-237,batch_225_window_232-236,rejected,rejected,icp_fitness_too_low;icp_translation_delta_too_large;icp_rotation_delta_too_large;icp_rejected_by_boundary,False,False,provisional,59,0.05437929264962957,0.01968644218777837,1.7510027176610505,25.8010043798291
226,submap_022,batch_227_window_234-238,batch_226_window_233-237,rejected,rejected,icp_fitness_too_low;icp_translation_delta_too_large;icp_rotation_delta_too_large;icp_rejected_by_boundary,False,False,provisional,60,0.04383388269656844,0.037719467489870734,5.949500642521939,57.96946286696391
227,submap_022,batch_228_window_235-239,batch_227_window_234-238,rejected,rejected,icp_fitness_too_low;icp_translation_delta_too_large;icp_rotation_delta_too_large;icp_rejected_by_boundary,False,False,provisional,61,0.03716090405141366,0.134167468719923,0.335413124588822,8.104999813400022
228,submap_022,batch_229_window_236-240,batch_228_window_235-239,rejected,rejected,icp_fitness_too_low;icp_translation_delta_too_large;icp_rotation_delta_too_large;icp_rejected_by_boundary,False,False,provisional,62,0.028159935913981544,0.13734882050053887,2.084769571290181,18.552234441860264
229,submap_022,batch_230_window_237-241,batch_229_window_236-240,needs_review,needs_review,shared_p90_error_too_high;icp_fitness_too_low;fusion_conflict_ratio_too_high,True,False,provisional,63,0.1856902342150125,0.10796221322537113,0.05152195229152561,2.445231622708371
230,submap_022,batch_231_window_238-242,batch_230_window_237-241,rejected,rejected,icp_fitness_too_low;icp_translation_delta_too_large;icp_rejected_by_boundary,False,False,fused,0,0.013207318103686643,0.21071612570839773,0.27864003462020753,2.08913651329176
231,submap_023,batch_232_window_239-243,batch_231_window_238-242,needs_review,needs_review,icp_fitness_too_low;fusion_conflict_ratio_too_high,True,False,provisional,1,0.028067562123658553,0.18420285631011368,0.07178280935796671,4.083242145881185
232,submap_023,batch_233_window_240-244,batch_232_window_239-243,needs_review,needs_review,shared_p90_error_too_high;icp_fitness_too_low;fusion_conflict_ratio_too_high,True,False,fused,0,0.12347361919645249,0.15992680695333944,0.11797694051043334,1.1749480001762973
233,submap_023,batch_234_window_241-245,batch_233_window_240-244,accepted,needs_review,fusion_conflict_ratio_too_high,True,False,fused,0,0.0583217461674197,0.4497991967871486,0.10240872401622488,1.441212730886765
234,submap_023,batch_235_window_242-246,batch_234_window_241-245,accepted,needs_review,fusion_conflict_ratio_too_high,True,False,fused,0,0.10000760297321304,0.5097577388963661,0.09552061556703315,1.1116776699896127
235,submap_023,batch_236_window_243-247,batch_235_window_242-246,accepted,needs_review,fusion_conflict_ratio_too_high,True,False,fused,0,0.026867834624336465,0.692227110831762,0.029539346558486442,0.6652137097294837
236,submap_023,batch_237_window_244-248,batch_236_window_243-247,accepted,needs_review,fusion_conflict_ratio_too_high,True,False,fused,0,0.026437530417969896,0.7588736393752958,0.012688931042284775,0.2979369374172131
237,submap_023,batch_238_window_245-249,batch_237_window_244-248,accepted,needs_review,fusion_conflict_ratio_too_high,True,False,fused,0,0.023583051072529053,0.7738129496402878,0.010457858023178376,0.18086713819864736
238,submap_023,batch_239_window_246-250,batch_238_window_245-249,accepted,needs_review,fusion_conflict_ratio_too_high,True,False,fused,0,0.06383367346420611,0.6250553342186809,0.030419213559794968,0.46292745310011846
239,submap_023,batch_240_window_247-251,batch_239_window_246-250,accepted,needs_review,fusion_conflict_ratio_too_high,True,False,fused,0,0.018555329905225324,0.4422813271181793,0.009759025901183728,0.27461782235259397
240,submap_023,batch_241_window_248-252,batch_240_window_247-251,accepted,needs_review,fusion_conflict_ratio_too_high,True,False,fused,0,0.09074922175328812,0.5035403050108932,0.12004274305117282,2.0800386284843912
241,submap_024,batch_242_window_249-253,batch_241_window_248-252,accepted,needs_review,fusion_conflict_ratio_too_high,True,False,fused,0,0.027338924895123025,0.43688417921546757,0.02152736732538101,0.7581058488007186
242,submap_024,batch_243_window_250-254,batch_242_window_249-253,needs_review,rejected,shared_median_error_too_high;shared_p90_error_too_high;icp_fitness_too_low;fusion_conflict_ratio_too_high;fusion_scale_shadow_quarantined,False,True,fused,0,0.270886147372589,0.2575304422132023,0.11790520859566139,3.283560117516942
243,submap_024,batch_244_window_251-255,batch_243_window_250-254,needs_review,rejected,icp_fitness_too_low;fusion_conflict_ratio_too_high;fusion_scale_shadow_quarantined,False,True,registered,0,0.06650409543679038,0.2726132086232463,0.12072103981480674,1.2788951421040722
244,submap_024,batch_245_window_252-256,batch_244_window_251-255,needs_review,rejected,icp_fitness_too_low;fusion_conflict_ratio_too_high;fusion_scale_shadow_quarantined,False,True,registered,0,0.05552495324876417,0.25186272296229395,0.01842269608511027,0.4899750522798975
245,submap_024,batch_246_window_253-257,batch_245_window_252-256,rejected,rejected,shared_p90_error_too_high;icp_fitness_too_low;icp_translation_delta_too_large;icp_rejected_by_boundary,False,False,registered,0,0.1596220775153791,0.24462997487233526,0.19777350084578707,3.0899849802078254
246,submap_024,batch_247_window_254-258,batch_246_window_253-257,needs_review,rejected,icp_fitness_too_low;fusion_conflict_ratio_too_high;fusion_scale_shadow_quarantined,False,True,provisional,1,0.10600157030520262,0.20985968904057642,0.040988125615987574,1.3710669798821828
247,submap_024,batch_248_window_255-259,batch_247_window_254-258,rejected,rejected,icp_fitness_too_low;icp_translation_delta_too_large;icp_rejected_by_boundary,False,False,registered,0,0.10098104422485912,0.2878329297820823,0.2314382090502305,3.568478886183847
248,submap_024,batch_249_window_256-260,batch_248_window_255-259,rejected,rejected,icp_fitness_too_low;icp_translation_delta_too_large;icp_rotation_delta_too_large;icp_rejected_by_boundary,False,False,provisional,1,0.06041527437921176,0.3022085546547386,0.38048821587873793,9.25333469461179
249,submap_024,batch_250_window_257-261,batch_249_window_256-260,rejected,rejected,icp_fitness_too_low;icp_translation_delta_too_large;icp_rotation_delta_too_large;icp_rejected_by_boundary,False,False,provisional,2,0.03138933437186805,0.2698136391562564,0.3997009504603296,9.54169905795526
250,submap_024,batch_251_window_258-262,batch_250_window_257-261,rejected,rejected,icp_fitness_too_low;icp_translation_delta_too_large;icp_rotation_delta_too_large;icp_rejected_by_boundary,False,False,provisional,3,0.02366682473054255,0.28229944029850745,0.4386307334205573,10.499085768177734
251,submap_025,batch_252_window_259-263,batch_251_window_258-262,rejected,rejected,icp_fitness_too_low;icp_translation_delta_too_large;icp_rotation_delta_too_large;icp_rejected_by_boundary,False,False,provisional,4,0.030534668763883648,0.23533196088522904,0.3701941726499502,8.865182722217456
252,submap_025,batch_253_window_260-264,batch_252_window_259-263,rejected,rejected,icp_fitness_too_low;icp_translation_delta_too_large;icp_rotation_delta_too_large;icp_rejected_by_boundary,False,False,provisional,5,0.022105548088198836,0.2844141069397042,0.23396283509747937,7.295147283960469
253,submap_025,batch_254_window_261-265,batch_253_window_260-264,rejected,rejected,icp_fitness_too_low;icp_translation_delta_too_large;icp_rotation_delta_too_large;icp_rejected_by_boundary,False,False,provisional,6,0.056336856320310456,0.21170531629594574,0.48673629843447774,6.90079879913094
254,submap_025,batch_255_window_262-266,batch_254_window_261-265,rejected,rejected,icp_fitness_too_low;icp_translation_delta_too_large;icp_rotation_delta_too_large;icp_rejected_by_boundary,False,False,provisional,7,0.04548774678878023,0.07764567738147658,0.5407616579130782,7.699153300049885
255,submap_025,batch_256_window_263-267,batch_255_window_262-266,rejected,rejected,icp_fitness_too_low;icp_translation_delta_too_large;icp_rotation_delta_too_large;icp_rejected_by_boundary,False,False,provisional,8,0.038148362446411975,0.06327195574751837,0.49321579478686217,7.0539554786983185
256,submap_025,batch_257_window_264-268,batch_256_window_263-267,rejected,rejected,icp_fitness_too_low;icp_translation_delta_too_large;icp_rotation_delta_too_large;icp_rejected_by_boundary,False,False,provisional,9,0.03261805159328957,0.03947721179624665,0.4358183594853879,6.148389118779978
257,submap_025,batch_258_window_265-269,batch_257_window_264-268,rejected,rejected,icp_fitness_too_low;icp_translation_delta_too_large;icp_rotation_delta_too_large;icp_rejected_by_boundary,False,False,provisional,10,0.05623004727939894,0.023463384948272364,0.3257663511831419,6.214580772373067
258,submap_025,batch_259_window_266-270,batch_258_window_265-269,rejected,rejected,shared_p90_error_too_high;icp_fitness_too_low;icp_translation_delta_too_large;icp_rotation_delta_too_large;icp_rejected_by_boundary,False,False,provisional,11,0.3064269357779675,0.016280426366866416,2.0047836902642455,30.7952433576832
259,submap_025,batch_260_window_267-271,batch_259_window_266-270,rejected,rejected,shared_p90_error_too_high;icp_fitness_too_low;icp_translation_delta_too_large;icp_rotation_delta_too_large;icp_rejected_by_boundary,False,False,provisional,12,0.15396828696484546,0.03757073682982323,3.8036971480775454,42.80303286764546
260,submap_025,batch_261_window_268-272,batch_260_window_267-271,rejected,rejected,shared_p90_error_too_high;icp_fitness_too_low;icp_translation_delta_too_large;icp_rotation_delta_too_large;icp_rejected_by_boundary,False,False,provisional,13,0.1578099683938213,0.0,10.66107459035079,80.69463603805791
261,submap_026,batch_262_window_269-273,batch_261_window_268-272,rejected,rejected,shared_p90_error_too_high;icp_fitness_too_low;icp_translation_delta_too_large;icp_rotation_delta_too_large;icp_rejected_by_boundary,False,False,provisional,14,0.1529190623687726,0.0,4.594734813962081,116.20172016727805
262,submap_026,batch_263_window_270-274,batch_262_window_269-273,rejected,rejected,icp_fitness_too_low;icp_translation_delta_too_large;icp_rotation_delta_too_large;icp_rejected_by_boundary,False,False,provisional,15,0.11991554598541929,0.0,0.9356504977953852,33.05024535240241
263,submap_026,batch_264_window_271-275,batch_263_window_270-274,rejected,rejected,shared_p90_error_too_high;icp_fitness_too_low;icp_translation_delta_too_large;icp_rotation_delta_too_large;icp_rejected_by_boundary,False,False,provisional,16,0.17658791039372004,0.07779976796560431,5.708625333890665,108.19288404710271
264,submap_026,batch_265_window_272-276,batch_264_window_271-275,rejected,rejected,icp_fitness_too_low;icp_translation_delta_too_large;icp_rotation_delta_too_large;icp_rejected_by_boundary,False,False,provisional,17,0.09620810154429854,0.052553785514862866,8.549243987109222,95.35192929907826
265,submap_026,batch_266_window_273-277,batch_265_window_272-276,rejected,rejected,icp_fitness_too_low;icp_translation_delta_too_large;icp_rotation_delta_too_large;icp_rejected_by_boundary,False,False,provisional,18,0.04245462804706598,0.04903823319876514,5.440703048740681,106.66569416519437
266,submap_026,batch_267_window_274-278,batch_266_window_273-277,rejected,rejected,icp_fitness_too_low;icp_translation_delta_too_large;icp_rotation_delta_too_large;icp_rejected_by_boundary,False,False,provisional,19,0.0597841425249188,0.1280900933894891,0.2129868029585913,6.740609798510357
267,submap_026,batch_268_window_275-279,batch_267_window_274-278,rejected,rejected,icp_translation_delta_too_large;icp_rotation_delta_too_large;icp_rejected_by_boundary,False,False,provisional,20,0.06129223836006384,0.42643818849449205,0.3986027082326841,14.848024085919699
268,submap_026,batch_269_window_276-280,batch_268_window_275-279,rejected,rejected,shared_p90_error_too_high;icp_translation_delta_too_large;icp_rotation_delta_too_large;icp_rejected_by_boundary,False,False,provisional,21,0.2624831937269107,0.45285087719298245,0.18258740279073005,6.7979601656409905
269,submap_026,batch_270_window_277-281,batch_269_window_276-280,rejected,rejected,icp_translation_delta_too_large;icp_rotation_delta_too_large;icp_rejected_by_boundary,False,False,provisional,22,0.021472036106715327,0.4276136081450211,0.15789660990182974,7.191773508208492
270,submap_026,batch_271_window_278-282,batch_270_window_277-281,rejected,rejected,icp_fitness_too_low;icp_rotation_delta_too_large;icp_rejected_by_boundary,False,False,provisional,23,0.010476817354001444,0.3283582089552239,0.13258333882125553,11.071589845553085
271,submap_027,batch_272_window_279-283,batch_271_window_278-282,rejected,rejected,icp_translation_delta_too_large;icp_rotation_delta_too_large;icp_rejected_by_boundary,False,False,provisional,24,0.01594828879972421,0.46894161556918157,0.33365987723554313,6.879726623345835
272,submap_027,batch_273_window_280-284,batch_272_window_279-283,rejected,rejected,icp_fitness_too_low;icp_rotation_delta_too_large;icp_rejected_by_boundary,False,False,provisional,25,0.010720416077346313,0.2503760268425315,0.13583113127519122,5.509407563031985
273,submap_027,batch_274_window_281-285,batch_273_window_280-284,rejected,rejected,icp_fitness_too_low;icp_translation_delta_too_large;icp_rotation_delta_too_large;icp_rejected_by_boundary,False,False,provisional,26,0.02551083712737919,0.22571168776666434,0.3706571311812065,6.1114451987956615
274,submap_027,batch_275_window_282-286,batch_274_window_281-285,rejected,rejected,icp_fitness_too_low;icp_translation_delta_too_large;icp_rotation_delta_too_large;icp_rejected_by_boundary,False,False,provisional,27,0.02306115543474811,0.1314903082300604,0.2583715944157817,5.204007006644335
275,submap_027,batch_276_window_283-287,batch_275_window_282-286,rejected,rejected,icp_fitness_too_low;icp_translation_delta_too_large;icp_rotation_delta_too_large;icp_rejected_by_boundary,False,False,provisional,28,0.032697937842259175,0.1228972259252206,0.7881803148734701,7.681389472480189
276,submap_027,batch_277_window_284-288,batch_276_window_283-287,rejected,rejected,icp_fitness_too_low;icp_translation_delta_too_large;icp_rotation_delta_too_large;icp_rejected_by_boundary,False,False,provisional,29,0.06894106938788233,0.11209407703096343,0.7006672787273653,6.026019385068464
277,submap_027,batch_278_window_285-289,batch_277_window_284-288,rejected,rejected,icp_fitness_too_low;icp_translation_delta_too_large;icp_rotation_delta_too_large;icp_rejected_by_boundary,False,False,provisional,30,0.058576516942324505,0.11383559903443019,0.6445358466427823,6.512239793810851
278,submap_027,batch_279_window_286-290,batch_278_window_285-289,rejected,rejected,icp_fitness_too_low;icp_translation_delta_too_large;icp_rotation_delta_too_large;icp_rejected_by_boundary,False,False,provisional,31,0.03259687546878431,0.06448868470307981,0.48551147391421584,6.80725528434917
279,submap_027,batch_280_window_287-291,batch_279_window_286-290,rejected,rejected,icp_fitness_too_low;icp_translation_delta_too_large;icp_rotation_delta_too_large;icp_rejected_by_boundary,False,False,provisional,32,0.035130628073014515,0.09783946396827567,0.6796009867305642,8.873516068782134
280,submap_027,batch_281_window_288-292,batch_280_window_287-291,rejected,rejected,shared_median_error_too_high;shared_p90_error_too_high;icp_fitness_too_low;icp_translation_delta_too_large;icp_rotation_delta_too_large;icp_rejected_by_boundary,False,False,provisional,33,0.14790928287686644,0.11611161116111611,1.2063836106567452,6.28855045819374
281,submap_028,batch_282_window_289-293,batch_281_window_288-292,rejected,rejected,shared_median_error_too_high;shared_p90_error_too_high;icp_fitness_too_low;icp_rotation_delta_too_large;icp_rejected_by_boundary,False,False,provisional,34,0.22175920140378386,0.060267857142857144,0.1182679770337257,5.344996380298246
282,submap_028,batch_283_window_290-294,batch_282_window_289-293,rejected,rejected,shared_median_error_too_high;shared_p90_error_too_high;icp_fitness_too_low;icp_translation_delta_too_large;icp_rejected_by_boundary,False,False,provisional,35,0.43829970019183767,0.11475409836065574,0.5254508091077057,4.951205007537671
283,submap_028,batch_284_window_291-295,batch_283_window_290-294,rejected,rejected,shared_median_error_too_high;shared_p90_error_too_high;icp_fitness_too_low;icp_translation_delta_too_large;icp_rejected_by_boundary,False,False,provisional,36,0.3578002461239399,0.010468225521988964,0.24723709232904467,4.225016074193911
284,submap_028,batch_285_window_292-296,batch_284_window_291-295,rejected,rejected,shared_median_error_too_high;shared_p90_error_too_high;icp_translation_delta_too_large;icp_rotation_delta_too_large;icp_rejected_by_boundary,False,False,provisional,37,0.15208009728377117,0.37489051094890513,5.046582711854607,91.47370457424901
285,submap_028,batch_286_window_293-297,batch_285_window_292-296,rejected,rejected,icp_fitness_too_low;icp_translation_delta_too_large;icp_rotation_delta_too_large;icp_rejected_by_boundary,False,False,provisional,38,0.08997507987340952,0.21268342047562827,1.3312500441486508,5.9867496359240855
286,submap_028,batch_287_window_294-298,batch_286_window_293-297,rejected,rejected,shared_median_error_too_high;shared_p90_error_too_high;icp_fitness_too_low;icp_translation_delta_too_large;icp_rotation_delta_too_large;icp_rejected_by_boundary,False,False,provisional,39,0.16016618050510734,0.0,72.55792334790311,128.93701345777492
287,submap_028,batch_288_window_295-299,batch_287_window_294-298,rejected,rejected,icp_fitness_too_low;icp_translation_delta_too_large;icp_rotation_delta_too_large;icp_rejected_by_boundary,False,False,provisional,40,0.0803663188113278,0.0,73.46465294782834,145.37942313552844
288,submap_028,batch_289_window_296-300,batch_288_window_295-299,rejected,rejected,icp_fitness_too_low;icp_translation_delta_too_large;icp_rotation_delta_too_large;icp_rejected_by_boundary,False,False,provisional,41,0.06114378768021658,0.0,161.53055864630733,138.8603234826991
289,submap_028,batch_290_window_297-301,batch_289_window_296-300,rejected,rejected,shared_median_error_too_high;shared_p90_error_too_high;icp_fitness_too_low;icp_translation_delta_too_large;icp_rotation_delta_too_large;icp_rejected_by_boundary,False,False,provisional,42,0.3668328529284914,0.011214426599041984,3.429612675516179,23.923783550318486
290,submap_028,batch_291_window_298-302,batch_290_window_297-301,rejected,rejected,shared_median_error_too_high;shared_p90_error_too_high;icp_fitness_too_low;icp_translation_delta_too_large;icp_rotation_delta_too_large;icp_rejected_by_boundary,False,False,provisional,43,0.8559840490367353,0.021109872665248084,1.8341983586097919,23.963877734680114
291,submap_029,batch_292_window_299-303,batch_291_window_298-302,rejected,rejected,shared_median_error_too_high;shared_p90_error_too_high;icp_fitness_too_low;icp_translation_delta_too_large;icp_rotation_delta_too_large;icp_rejected_by_boundary,False,False,provisional,44,1.4135930603906814,0.02733637070785643,12.766859181393649,90.73280072712626
292,submap_029,batch_293_window_300-304,batch_292_window_299-303,rejected,rejected,shared_p90_error_too_high;icp_fitness_too_low;icp_translation_delta_too_large;icp_rotation_delta_too_large;icp_rejected_by_boundary,False,False,provisional,45,0.3370972554515105,0.008756694167028513,18.33241326721624,136.69360210885526
293,submap_029,batch_294_window_301-305,batch_293_window_300-304,needs_review,rejected,icp_fitness_too_low;fusion_conflict_ratio_too_high;fusion_scale_shadow_quarantined,False,True,provisional,46,0.11562037438460028,0.0,8.95090418262362e-16,0.0
294,submap_029,batch_295_window_302-306,batch_294_window_301-305,needs_review,rejected,icp_fitness_too_low;fusion_conflict_ratio_too_high;fusion_scale_shadow_quarantined,False,True,registered,0,0.10418950700528032,0.0,4.577566798522237e-16,0.0
295,submap_029,batch_296_window_303-307,batch_295_window_302-306,needs_review,rejected,icp_fitness_too_low;fusion_conflict_ratio_too_high;fusion_scale_shadow_quarantined,False,True,registered,0,0.09283658949091766,0.0,4.440892098500626e-16,0.0
296,submap_029,batch_297_window_304-308,batch_296_window_303-307,needs_review,rejected,icp_fitness_too_low;fusion_conflict_ratio_too_high;fusion_scale_shadow_quarantined,False,True,registered,0,0.07737755729854932,0.0,1.1102230246251565e-16,0.0
297,submap_029,batch_298_window_305-309,batch_297_window_304-308,needs_review,rejected,icp_fitness_too_low;fusion_conflict_ratio_too_high;fusion_scale_shadow_quarantined,False,True,registered,0,0.06547203063395067,0.0,8.881784197001252e-16,0.0
298,submap_029,batch_299_window_306-310,batch_298_window_305-309,needs_review,rejected,icp_fitness_too_low;fusion_conflict_ratio_too_high;fusion_scale_shadow_quarantined,False,True,registered,0,0.11594253403455068,0.0,1.3322676295501878e-15,0.0
299,submap_029,batch_300_window_307-311,batch_299_window_306-310,needs_review,rejected,shared_p90_error_too_high;icp_fitness_too_low;fusion_conflict_ratio_too_high;fusion_scale_shadow_quarantined,False,True,registered,0,0.1761008613362773,0.0,8.881784197001252e-16,0.0
300,submap_029,batch_301_window_308-312,batch_300_window_307-311,needs_review,rejected,icp_fitness_too_low;fusion_conflict_ratio_too_high;fusion_scale_shadow_quarantined,False,True,registered,0,0.04815531547669824,0.0,4.440892098500626e-16,0.0
301,submap_030,batch_302_window_309-313,batch_301_window_308-312,needs_review,needs_review,shared_p90_error_too_high;icp_fitness_too_low;fusion_conflict_ratio_too_high,True,False,registered,0,0.1614875277595607,0.0,9.930136612989092e-16,0.0
302,submap_030,batch_303_window_310-314,batch_302_window_309-313,rejected,rejected,shared_p90_error_too_high;icp_fitness_too_low;icp_translation_delta_too_large;icp_rejected_by_boundary,False,False,fused,0,0.1615888391313619,0.19027525318099195,0.1612946984167155,0.8020315381620325
303,submap_030,batch_304_window_311-315,batch_303_window_310-314,needs_review,needs_review,icp_fitness_too_low;fusion_conflict_ratio_too_high,True,False,provisional,1,0.09336415493754265,0.21113605097386143,0.08565740063553154,0.41951849207377634
304,submap_030,batch_305_window_312-316,batch_304_window_311-315,rejected,rejected,shared_p90_error_too_high;icp_translation_delta_too_large;icp_rejected_by_boundary,False,False,fused,0,0.14750114530320493,0.3962221553281156,0.18464092694627626,0.7310248978635163
305,submap_030,batch_306_window_313-317,batch_305_window_312-316,rejected,rejected,icp_translation_delta_too_large;icp_rejected_by_boundary,False,False,provisional,1,0.03725735725596547,0.4176768590555455,0.17118173799154002,0.8382739174650208
306,submap_030,batch_307_window_314-318,batch_306_window_313-317,rejected,rejected,icp_translation_delta_too_large;icp_rejected_by_boundary,False,False,provisional,2,0.051966720809279145,0.45665561345333966,0.1564400324895812,0.7363628691413345
307,submap_030,batch_308_window_315-319,batch_307_window_314-318,accepted,needs_review,fusion_conflict_ratio_too_high,True,False,provisional,3,0.048330443707183646,0.49310938845822566,0.09153510334761915,0.28513194941948405
308,submap_030,batch_309_window_316-320,batch_308_window_315-319,rejected,rejected,icp_translation_delta_too_large;icp_rejected_by_boundary,False,False,fused,0,0.08985866615180797,0.6034784784784785,0.1658725251356324,0.4394525996670855
309,submap_030,batch_310_window_317-321,batch_309_window_316-320,rejected,rejected,icp_translation_delta_too_large;icp_rejected_by_boundary,False,False,provisional,1,0.034219093877316024,0.523187814497484,0.9726169431345066,4.942918011384461
310,submap_030,batch_311_window_318-322,batch_310_window_317-321,rejected,rejected,icp_fitness_too_low;icp_translation_delta_too_large;icp_rejected_by_boundary,False,False,provisional,2,0.024244141646322326,0.3497129735935706,0.501770463103452,2.438246733705098
311,submap_031,batch_312_window_319-323,batch_311_window_318-322,accepted,needs_review,fusion_conflict_ratio_too_high,True,False,provisional,3,0.03714231805784409,0.43179089313752655,0.08401807041228504,1.01105417366598
312,submap_031,batch_313_window_320-324,batch_312_window_319-323,needs_review,needs_review,shared_median_error_too_high;shared_p90_error_too_high;fusion_conflict_ratio_too_high,True,False,fused,0,0.4060269728801583,0.37057000404258184,0.08471766809500414,0.6751934355600782
313,submap_031,batch_314_window_321-325,batch_313_window_320-324,needs_review,needs_review,shared_median_error_too_high;shared_p90_error_too_high;fusion_conflict_ratio_too_high,True,False,fused,0,0.26178717876597885,0.42479502403166525,0.11414925775438901,0.88712336061287
314,submap_031,batch_315_window_322-326,batch_314_window_321-325,accepted,needs_review,fusion_conflict_ratio_too_high,True,False,fused,0,0.043943801328782325,0.5276984580239863,0.0457029147446928,0.8471319578999319
315,submap_031,batch_316_window_323-327,batch_315_window_322-326,rejected,rejected,shared_p90_error_too_high;icp_translation_delta_too_large;icp_rejected_by_boundary,False,False,fused,0,0.14051130808600945,0.805259047123145,0.18343720488922258,1.0035920990007212
